ts,open,high,low,close,vol,dt
1777141800000,85.65,85.76,85.63,85.64,53918.68,2026-04-25 18:30:00
1777142700000,85.65,85.76,85.61,85.62,38571.22,2026-04-25 18:45:00
1777143600000,85.62,85.66,85.56,85.59,47965.32,2026-04-25 19:00:00
1777144500000,85.6,85.66,85.49,85.53,68631.96,2026-04-25 19:15:00
1777145400000,85.53,85.59,85.51,85.54,15534.02,2026-04-25 19:30:00
1777146300000,85.53,85.65,85.52,85.61,10838.65,2026-04-25 19:45:00
1777147200000,85.62,85.68,85.54,85.67,16361.63,2026-04-25 20:00:00
1777148100000,85.67,85.79,85.66,85.75,16008.92,2026-04-25 20:15:00
1777149000000,85.75,85.8,85.7,85.78,13528.08,2026-04-25 20:30:00
1777149900000,85.77,85.86,85.73,85.85,44146.48,2026-04-25 20:45:00
1777150800000,85.85,86.02,85.84,85.97,41811.47,2026-04-25 21:00:00
1777151700000,85.97,86.04,85.86,85.9,42716.71,2026-04-25 21:15:00
1777152600000,85.89,85.89,85.67,85.75,21093.74,2026-04-25 21:30:00
1777153500000,85.76,85.88,85.7,85.84,12320.22,2026-04-25 21:45:00
1777154400000,85.85,85.96,85.8,85.92,20628.45,2026-04-25 22:00:00
1777155300000,85.92,86.01,85.9,85.99,13142.21,2026-04-25 22:15:00
1777156200000,85.99,86.12,85.99,86.08,23171.64,2026-04-25 22:30:00
1777157100000,86.08,86.1,86.02,86.05,14820.1,2026-04-25 22:45:00
1777158000000,86.04,86.09,85.98,86.03,13714.58,2026-04-25 23:00:00
1777158900000,86.03,86.04,85.97,86.02,11599.97,2026-04-25 23:15:00
1777159800000,86.02,86.11,86.0,86.06,12500.78,2026-04-25 23:30:00
1777160700000,86.07,86.13,86.06,86.12,15023.8,2026-04-25 23:45:00
1777161600000,86.13,86.15,85.98,86.06,35765.07,2026-04-26 00:00:00
1777162500000,86.05,86.08,85.98,85.99,25485.84,2026-04-26 00:15:00
1777163400000,85.99,86.07,85.96,86.07,8368.13,2026-04-26 00:30:00
1777164300000,86.06,86.09,85.87,85.98,17908.8,2026-04-26 00:45:00
1777165200000,85.98,86.03,85.95,85.99,26611.74,2026-04-26 01:00:00
1777166100000,85.98,86.02,85.92,85.93,9066.52,2026-04-26 01:15:00
1777167000000,85.94,86.03,85.92,86.02,17565.69,2026-04-26 01:30:00
1777167900000,86.01,86.08,85.92,85.92,31042.49,2026-04-26 01:45:00
1777168800000,85.92,86.13,85.92,86.13,15321.19,2026-04-26 02:00:00
1777169700000,86.13,86.25,86.13,86.24,26331.62,2026-04-26 02:15:00
1777170600000,86.23,86.28,86.16,86.21,30230.09,2026-04-26 02:30:00
1777171500000,86.2,86.35,86.13,86.35,27378.4,2026-04-26 02:45:00
1777172400000,86.35,86.41,86.13,86.24,74346.05,2026-04-26 03:00:00
1777173300000,86.24,86.28,85.98,85.98,36972.16,2026-04-26 03:15:00
1777174200000,85.98,86.06,85.78,85.84,127484.79,2026-04-26 03:30:00
1777175100000,85.83,85.97,85.8,85.95,22296.18,2026-04-26 03:45:00
1777176000000,85.94,86.11,85.89,86.03,20113.07,2026-04-26 04:00:00
1777176900000,86.04,86.08,86.04,86.07,27597.08,2026-04-26 04:15:00
1777177800000,86.08,86.35,86.06,86.28,63144.38,2026-04-26 04:30:00
1777178700000,86.28,86.7,86.28,86.39,268771.75,2026-04-26 04:45:00
1777179600000,86.4,86.58,86.1,86.51,171414.08,2026-04-26 05:00:00
1777180500000,86.5,86.72,86.46,86.52,153628.97,2026-04-26 05:15:00
1777181400000,86.53,86.62,86.39,86.43,64884.59,2026-04-26 05:30:00
1777182300000,86.43,86.44,86.34,86.42,20350.68,2026-04-26 05:45:00
1777183200000,86.42,86.55,86.42,86.49,24734.33,2026-04-26 06:00:00
1777184100000,86.49,86.5,86.34,86.36,27140.7,2026-04-26 06:15:00
1777185000000,86.37,86.54,86.35,86.49,16275.96,2026-04-26 06:30:00
1777185900000,86.49,86.5,86.37,86.46,24438.95,2026-04-26 06:45:00
1777186800000,86.46,86.47,86.4,86.47,24086.74,2026-04-26 07:00:00
1777187700000,86.47,86.52,86.41,86.46,20127.75,2026-04-26 07:15:00
1777188600000,86.46,86.48,86.4,86.42,11519.57,2026-04-26 07:30:00
1777189500000,86.42,86.62,86.41,86.6,29779.91,2026-04-26 07:45:00
1777190400000,86.59,86.66,86.5,86.54,28860.7,2026-04-26 08:00:00
1777191300000,86.55,86.55,86.46,86.55,13250.32,2026-04-26 08:15:00
1777192200000,86.55,86.73,86.5,86.55,72262.92,2026-04-26 08:30:00
1777193100000,86.55,86.59,86.51,86.53,29135.64,2026-04-26 08:45:00
1777194000000,86.52,86.55,86.43,86.49,20889.25,2026-04-26 09:00:00
1777194900000,86.49,86.55,86.45,86.51,10954.08,2026-04-26 09:15:00
1777195800000,86.51,86.52,86.41,86.46,27453.95,2026-04-26 09:30:00
1777196700000,86.46,86.51,86.44,86.49,9263.37,2026-04-26 09:45:00
1777197600000,86.49,86.56,86.45,86.55,17992.15,2026-04-26 10:00:00
1777198500000,86.55,86.58,86.52,86.53,11882.17,2026-04-26 10:15:00
1777199400000,86.53,86.54,86.43,86.44,15402.66,2026-04-26 10:30:00
1777200300000,86.45,86.47,86.38,86.44,18040.62,2026-04-26 10:45:00
1777201200000,86.44,86.55,86.44,86.5,35699.94,2026-04-26 11:00:00
1777202100000,86.5,86.6,86.42,86.53,28452.94,2026-04-26 11:15:00
1777203000000,86.53,86.55,86.45,86.46,20005.25,2026-04-26 11:30:00
1777203900000,86.46,86.51,86.42,86.44,19435.51,2026-04-26 11:45:00
1777204800000,86.44,86.46,86.2,86.22,47991.57,2026-04-26 12:00:00
1777205700000,86.22,86.25,86.14,86.18,56471.54,2026-04-26 12:15:00
1777206600000,86.18,86.27,86.09,86.1,52188.64,2026-04-26 12:30:00
1777207500000,86.09,86.14,85.83,86.05,176174.73,2026-04-26 12:45:00
1777208400000,86.04,86.1,85.96,86.06,38219.52,2026-04-26 13:00:00
1777209300000,86.06,86.09,85.92,85.99,50752.42,2026-04-26 13:15:00
1777210200000,85.99,86.21,85.98,86.04,118240.02,2026-04-26 13:30:00
1777211100000,86.04,86.14,85.88,86.07,106980.43,2026-04-26 13:45:00
1777212000000,86.06,86.11,85.98,86.09,21550.33,2026-04-26 14:00:00
1777212900000,86.08,86.43,86.07,86.33,96367.89,2026-04-26 14:15:00
1777213800000,86.34,86.46,86.25,86.33,34194.79,2026-04-26 14:30:00
1777214700000,86.33,86.46,86.3,86.34,34635.38,2026-04-26 14:45:00
1777215600000,86.35,86.43,86.29,86.37,24414.63,2026-04-26 15:00:00
1777216500000,86.38,86.54,86.37,86.53,49673.89,2026-04-26 15:15:00
1777217400000,86.53,86.54,86.43,86.44,21053.18,2026-04-26 15:30:00
1777218300000,86.45,86.52,86.37,86.51,24125.42,2026-04-26 15:45:00
1777219200000,86.51,86.52,86.41,86.41,39609.5,2026-04-26 16:00:00
1777220100000,86.42,86.49,86.4,86.45,13591.39,2026-04-26 16:15:00
1777221000000,86.45,86.54,86.39,86.4,51914.19,2026-04-26 16:30:00
1777221900000,86.39,86.46,86.32,86.36,21602.96,2026-04-26 16:45:00
1777222800000,86.36,86.42,86.22,86.4,33098.96,2026-04-26 17:00:00
1777223700000,86.4,86.54,86.4,86.47,44406.28,2026-04-26 17:15:00
1777224600000,86.47,86.47,86.35,86.43,11292.33,2026-04-26 17:30:00
1777225500000,86.42,86.54,86.39,86.5,30401.14,2026-04-26 17:45:00
1777226400000,86.49,86.69,86.37,86.64,84897.83,2026-04-26 18:00:00
1777227300000,86.63,86.98,86.63,86.69,189261.2,2026-04-26 18:15:00
1777228200000,86.7,86.74,86.63,86.71,19546.08,2026-04-26 18:30:00
1777229100000,86.7,86.84,86.67,86.78,18027.13,2026-04-26 18:45:00
1777230000000,86.78,86.91,86.73,86.86,41965.73,2026-04-26 19:00:00
1777230900000,86.87,87.2,86.63,86.74,178526.37,2026-04-26 19:15:00
1777231800000,86.74,86.81,86.65,86.79,35470.84,2026-04-26 19:30:00
1777232700000,86.78,86.92,86.76,86.83,12212.62,2026-04-26 19:45:00
1777233600000,86.84,86.89,86.69,86.7,27805.42,2026-04-26 20:00:00
1777234500000,86.7,86.79,86.69,86.73,18591.11,2026-04-26 20:15:00
1777235400000,86.74,86.82,86.56,86.72,95244.44,2026-04-26 20:30:00
1777236300000,86.72,86.8,86.64,86.65,12286.32,2026-04-26 20:45:00
1777237200000,86.65,86.99,86.64,86.95,78452.8,2026-04-26 21:00:00
1777238100000,86.96,87.09,86.76,86.76,82008.61,2026-04-26 21:15:00
1777239000000,86.76,86.77,86.33,86.41,105225.58,2026-04-26 21:30:00
1777239900000,86.41,86.93,86.11,86.78,164539.96,2026-04-26 21:45:00
1777240800000,86.78,87.04,86.7,86.94,105113.3,2026-04-26 22:00:00
1777241700000,86.94,87.27,86.79,86.83,145771.9,2026-04-26 22:15:00
1777242600000,86.83,86.83,86.25,86.53,116905.79,2026-04-26 22:30:00
1777243500000,86.53,86.79,86.52,86.66,55139.41,2026-04-26 22:45:00
1777244400000,86.66,86.7,86.54,86.66,22279.88,2026-04-26 23:00:00
1777245300000,86.66,86.83,86.57,86.57,18523.27,2026-04-26 23:15:00
1777246200000,86.57,86.94,86.45,86.94,38558.09,2026-04-26 23:30:00
1777247100000,86.94,87.12,86.85,86.86,57031.45,2026-04-26 23:45:00
1777248000000,86.87,87.14,86.75,86.79,129689.21,2026-04-27 00:00:00
1777248900000,86.79,86.83,86.55,86.64,55968.52,2026-04-27 00:15:00
1777249800000,86.65,86.96,86.5,86.88,92378.27,2026-04-27 00:30:00
1777250700000,86.89,87.37,86.78,87.3,285192.05,2026-04-27 00:45:00
1777251600000,87.31,87.83,87.31,87.41,306085.57,2026-04-27 01:00:00
1777252500000,87.41,87.61,87.22,87.38,135717.95,2026-04-27 01:15:00
1777253400000,87.39,87.65,87.32,87.56,51690.35,2026-04-27 01:30:00
1777254300000,87.56,87.84,87.56,87.78,94075.3,2026-04-27 01:45:00
1777255200000,87.78,87.86,87.4,87.44,98337.88,2026-04-27 02:00:00
1777256100000,87.44,87.58,87.33,87.53,60791.83,2026-04-27 02:15:00
1777257000000,87.53,87.78,87.53,87.58,69035.6,2026-04-27 02:30:00
1777257900000,87.58,88.06,87.57,87.78,167689.18,2026-04-27 02:45:00
1777258800000,87.78,88.02,87.72,87.95,65897.85,2026-04-27 03:00:00
1777259700000,87.94,88.02,87.81,87.96,56279.53,2026-04-27 03:15:00
1777260600000,87.97,88.04,87.79,87.99,36423.18,2026-04-27 03:30:00
1777261500000,87.99,87.99,87.65,87.69,41299.48,2026-04-27 03:45:00
1777262400000,87.7,87.76,87.58,87.63,40635.85,2026-04-27 04:00:00
1777263300000,87.64,87.78,87.54,87.77,32448.27,2026-04-27 04:15:00
1777264200000,87.77,87.81,87.6,87.62,26286.4,2026-04-27 04:30:00
1777265100000,87.62,87.65,87.38,87.5,52821.18,2026-04-27 04:45:00
1777266000000,87.5,87.51,86.74,86.76,223614.06,2026-04-27 05:00:00
1777266900000,86.76,86.78,85.95,86.08,626177.87,2026-04-27 05:15:00
1777267800000,86.09,86.09,85.75,85.94,290475.01,2026-04-27 05:30:00
1777268700000,85.94,85.98,85.7,85.89,296387.11,2026-04-27 05:45:00
1777269600000,85.89,85.89,85.58,85.76,142735.34,2026-04-27 06:00:00
1777270500000,85.76,85.97,85.7,85.83,92495.73,2026-04-27 06:15:00
1777271400000,85.82,85.83,85.34,85.6,191785.68,2026-04-27 06:30:00
1777272300000,85.6,85.75,85.53,85.65,53083.38,2026-04-27 06:45:00
1777273200000,85.65,85.72,85.49,85.53,39800.79,2026-04-27 07:00:00
1777274100000,85.54,85.58,85.39,85.48,144535.83,2026-04-27 07:15:00
1777275000000,85.49,85.49,85.28,85.39,84616.04,2026-04-27 07:30:00
1777275900000,85.4,85.49,85.19,85.2,99671.18,2026-04-27 07:45:00
1777276800000,85.19,85.32,85.09,85.3,131856.89,2026-04-27 08:00:00
1777277700000,85.29,85.36,85.02,85.02,104366.49,2026-04-27 08:15:00
1777278600000,85.03,85.22,84.97,85.15,97539.51,2026-04-27 08:30:00
1777279500000,85.16,85.45,85.15,85.44,75243.59,2026-04-27 08:45:00
1777280400000,85.44,85.54,85.42,85.53,49434.95,2026-04-27 09:00:00
1777281300000,85.53,85.55,85.09,85.26,220296.35,2026-04-27 09:15:00
1777282200000,85.26,85.44,85.24,85.37,78145.29,2026-04-27 09:30:00
1777283100000,85.37,85.57,85.34,85.42,69220.68,2026-04-27 09:45:00
1777284000000,85.41,85.45,85.25,85.41,39242.5,2026-04-27 10:00:00
1777284900000,85.4,85.5,85.1,85.14,127539.36,2026-04-27 10:15:00
1777285800000,85.14,85.35,85.08,85.14,128958.18,2026-04-27 10:30:00
1777286700000,85.13,85.24,85.11,85.11,29639.58,2026-04-27 10:45:00
1777287600000,85.12,85.14,85.0,85.07,47388.12,2026-04-27 11:00:00
1777288500000,85.07,85.21,85.04,85.14,33510.57,2026-04-27 11:15:00
1777289400000,85.15,85.22,85.08,85.18,35715.28,2026-04-27 11:30:00
1777290300000,85.17,85.21,85.16,85.19,19047.12,2026-04-27 11:45:00
1777291200000,85.19,85.2,85.06,85.1,25798.36,2026-04-27 12:00:00
1777292100000,85.1,85.15,84.99,85.03,36878.13,2026-04-27 12:15:00
1777293000000,85.02,85.08,84.86,85.0,102832.97,2026-04-27 12:30:00
1777293900000,85.01,85.14,84.96,85.04,45214.35,2026-04-27 12:45:00
1777294800000,85.04,85.13,84.99,85.07,54025.0,2026-04-27 13:00:00
1777295700000,85.08,85.21,85.05,85.15,43675.33,2026-04-27 13:15:00
1777296600000,85.16,85.34,85.04,85.18,66676.68,2026-04-27 13:30:00
1777297500000,85.17,85.2,84.65,85.07,226169.68,2026-04-27 13:45:00
1777298400000,85.07,85.22,84.92,85.12,185367.95,2026-04-27 14:00:00
1777299300000,85.11,85.3,85.06,85.21,55158.2,2026-04-27 14:15:00
1777300200000,85.21,85.8,85.12,85.5,254488.58,2026-04-27 14:30:00
1777301100000,85.5,85.58,85.11,85.17,120147.96,2026-04-27 14:45:00
1777302000000,85.17,85.19,84.43,84.68,227533.31,2026-04-27 15:00:00
1777302900000,84.68,84.68,83.56,84.11,513588.96,2026-04-27 15:15:00
1777303800000,84.11,84.26,84.06,84.14,134143.86,2026-04-27 15:30:00
1777304700000,84.13,84.16,83.86,84.1,76442.51,2026-04-27 15:45:00
1777305600000,84.09,84.19,83.96,84.19,83321.26,2026-04-27 16:00:00
1777306500000,84.18,84.33,84.14,84.16,53373.11,2026-04-27 16:15:00
1777307400000,84.16,84.25,84.05,84.2,36678.78,2026-04-27 16:30:00
1777308300000,84.19,84.3,84.11,84.21,43491.52,2026-04-27 16:45:00
1777309200000,84.21,84.37,84.21,84.28,44020.38,2026-04-27 17:00:00
1777310100000,84.27,84.64,84.2,84.47,76480.21,2026-04-27 17:15:00
1777311000000,84.47,84.62,84.33,84.47,84866.43,2026-04-27 17:30:00
1777311900000,84.47,84.53,84.4,84.4,21412.53,2026-04-27 17:45:00
1777312800000,84.41,84.54,84.34,84.53,24511.95,2026-04-27 18:00:00
1777313700000,84.54,84.64,84.36,84.41,20732.49,2026-04-27 18:15:00
1777314600000,84.4,84.55,84.36,84.55,9177.39,2026-04-27 18:30:00
1777315500000,84.55,84.6,84.49,84.51,17872.05,2026-04-27 18:45:00
1777316400000,84.51,84.6,84.33,84.42,30208.01,2026-04-27 19:00:00
1777317300000,84.41,84.44,83.98,84.01,97399.73,2026-04-27 19:15:00
1777318200000,84.0,84.15,83.77,84.15,81334.24,2026-04-27 19:30:00
1777319100000,84.15,84.19,83.98,84.13,37084.23,2026-04-27 19:45:00
1777320000000,84.12,84.28,84.09,84.12,34830.39,2026-04-27 20:00:00
1777320900000,84.12,84.25,84.12,84.22,26688.93,2026-04-27 20:15:00
1777321800000,84.22,84.3,84.17,84.24,15690.69,2026-04-27 20:30:00
1777322700000,84.23,84.29,84.14,84.23,22401.54,2026-04-27 20:45:00
1777323600000,84.22,84.22,84.06,84.19,32094.51,2026-04-27 21:00:00
1777324500000,84.18,84.31,84.14,84.27,17187.78,2026-04-27 21:15:00
1777325400000,84.26,84.44,84.26,84.4,29759.05,2026-04-27 21:30:00
1777326300000,84.4,84.41,84.21,84.21,14268.15,2026-04-27 21:45:00
1777327200000,84.22,84.34,84.14,84.32,22564.53,2026-04-27 22:00:00
1777328100000,84.32,84.45,84.29,84.44,27784.76,2026-04-27 22:15:00
1777329000000,84.45,84.56,84.39,84.43,29756.9,2026-04-27 22:30:00
1777329900000,84.43,84.55,84.43,84.49,32759.96,2026-04-27 22:45:00
1777330800000,84.48,84.5,84.4,84.41,13543.9,2026-04-27 23:00:00
1777331700000,84.42,84.66,84.41,84.59,49709.35,2026-04-27 23:15:00
1777332600000,84.6,84.74,84.59,84.71,60723.55,2026-04-27 23:30:00
1777333500000,84.71,84.86,84.62,84.76,60241.11,2026-04-27 23:45:00
1777334400000,84.77,84.8,84.64,84.69,43670.19,2026-04-28 00:00:00
1777335300000,84.68,84.76,84.54,84.58,32300.32,2026-04-28 00:15:00
1777336200000,84.59,84.82,84.54,84.79,30857.61,2026-04-28 00:30:00
1777337100000,84.78,84.89,84.7,84.76,25522.12,2026-04-28 00:45:00
1777338000000,84.76,84.83,84.69,84.75,30758.88,2026-04-28 01:00:00
1777338900000,84.75,84.76,84.52,84.58,33065.93,2026-04-28 01:15:00
1777339800000,84.57,84.58,84.37,84.42,51561.82,2026-04-28 01:30:00
1777340700000,84.43,84.48,84.35,84.36,33979.03,2026-04-28 01:45:00
1777341600000,84.36,84.45,84.3,84.42,24507.3,2026-04-28 02:00:00
1777342500000,84.42,84.59,84.31,84.31,97433.49,2026-04-28 02:15:00
1777343400000,84.31,84.32,83.89,83.9,97523.11,2026-04-28 02:30:00
1777344300000,83.9,84.14,83.84,84.12,51623.36,2026-04-28 02:45:00
1777345200000,84.12,84.13,83.97,84.08,41315.14,2026-04-28 03:00:00
1777346100000,84.08,84.11,83.98,84.01,29951.6,2026-04-28 03:15:00
1777347000000,84.01,84.09,83.97,84.01,32870.75,2026-04-28 03:30:00
1777347900000,84.01,84.15,84.0,84.13,22798.38,2026-04-28 03:45:00
1777348800000,84.12,84.2,84.07,84.2,31687.63,2026-04-28 04:00:00
1777349700000,84.2,84.39,83.78,83.88,286567.49,2026-04-28 04:15:00
1777350600000,83.87,84.01,83.83,83.95,45927.95,2026-04-28 04:30:00
1777351500000,83.95,84.11,83.95,84.02,23421.61,2026-04-28 04:45:00
1777352400000,84.03,84.24,84.03,84.16,38852.93,2026-04-28 05:00:00
1777353300000,84.16,84.4,84.09,84.33,43813.41,2026-04-28 05:15:00
1777354200000,84.33,84.39,84.13,84.18,54967.26,2026-04-28 05:30:00
1777355100000,84.18,84.35,84.02,84.15,143610.08,2026-04-28 05:45:00
1777356000000,84.16,84.27,84.13,84.22,31845.61,2026-04-28 06:00:00
1777356900000,84.22,84.23,83.98,84.17,38582.39,2026-04-28 06:15:00
1777357800000,84.17,84.23,83.62,83.67,124364.87,2026-04-28 06:30:00
1777358700000,83.67,84.06,83.63,83.89,115209.38,2026-04-28 06:45:00
1777359600000,83.88,83.93,83.75,83.77,33286.12,2026-04-28 07:00:00
1777360500000,83.77,83.8,83.57,83.76,66002.18,2026-04-28 07:15:00
1777361400000,83.75,83.97,83.74,83.94,55071.37,2026-04-28 07:30:00
1777362300000,83.94,84.01,83.89,83.96,52540.04,2026-04-28 07:45:00
1777363200000,83.97,83.98,83.83,83.9,28695.99,2026-04-28 08:00:00
1777364100000,83.9,84.11,83.89,84.1,38543.66,2026-04-28 08:15:00
1777365000000,84.11,84.14,83.77,83.77,66395.14,2026-04-28 08:30:00
1777365900000,83.77,83.91,83.7,83.9,60492.24,2026-04-28 08:45:00
1777366800000,83.9,83.91,83.78,83.86,15882.77,2026-04-28 09:00:00
1777367700000,83.87,83.92,83.77,83.87,25150.44,2026-04-28 09:15:00
1777368600000,83.86,83.87,83.67,83.71,22231.57,2026-04-28 09:30:00
1777369500000,83.71,83.71,83.36,83.59,124320.91,2026-04-28 09:45:00
1777370400000,83.58,83.74,83.58,83.64,32867.24,2026-04-28 10:00:00
1777371300000,83.64,83.73,83.58,83.67,24441.86,2026-04-28 10:15:00
1777372200000,83.67,83.76,83.65,83.73,14871.73,2026-04-28 10:30:00
1777373100000,83.72,83.76,83.68,83.76,24097.94,2026-04-28 10:45:00
1777374000000,83.76,83.8,83.57,83.59,39020.94,2026-04-28 11:00:00
1777374900000,83.59,83.66,83.45,83.6,68723.47,2026-04-28 11:15:00
1777375800000,83.6,83.61,83.4,83.54,61202.76,2026-04-28 11:30:00
1777376700000,83.53,83.54,83.22,83.36,147504.12,2026-04-28 11:45:00
1777377600000,83.36,83.47,83.27,83.41,50122.19,2026-04-28 12:00:00
1777378500000,83.41,83.55,83.24,83.3,84845.07,2026-04-28 12:15:00
1777379400000,83.29,83.61,83.21,83.6,63008.19,2026-04-28 12:30:00
1777380300000,83.6,83.7,83.57,83.66,45142.42,2026-04-28 12:45:00
1777381200000,83.65,83.66,83.13,83.31,136377.5,2026-04-28 13:00:00
1777382100000,83.3,83.52,83.2,83.42,61084.75,2026-04-28 13:15:00
1777383000000,83.42,83.74,83.27,83.72,109433.69,2026-04-28 13:30:00
1777383900000,83.71,83.96,83.38,83.5,110858.63,2026-04-28 13:45:00
1777384800000,83.49,83.49,83.23,83.33,44626.62,2026-04-28 14:00:00
1777385700000,83.33,83.4,82.9,83.11,163203.43,2026-04-28 14:15:00
1777386600000,83.11,83.27,82.91,83.15,109937.18,2026-04-28 14:30:00
1777387500000,83.16,83.37,83.0,83.36,102998.87,2026-04-28 14:45:00
1777388400000,83.36,83.44,83.2,83.33,77796.89,2026-04-28 15:00:00
1777389300000,83.33,83.46,83.28,83.34,34885.72,2026-04-28 15:15:00
1777390200000,83.33,83.42,83.17,83.25,35566.12,2026-04-28 15:30:00
1777391100000,83.25,83.47,83.21,83.42,33104.92,2026-04-28 15:45:00
1777392000000,83.42,83.52,83.37,83.49,30931.48,2026-04-28 16:00:00
1777392900000,83.5,83.72,83.4,83.48,59238.82,2026-04-28 16:15:00
1777393800000,83.49,83.54,83.27,83.31,43437.96,2026-04-28 16:30:00
1777394700000,83.31,83.65,83.3,83.54,54555.56,2026-04-28 16:45:00
1777395600000,83.54,83.62,83.43,83.46,38680.01,2026-04-28 17:00:00
1777396500000,83.46,83.51,83.32,83.47,17336.57,2026-04-28 17:15:00
1777397400000,83.47,83.77,83.47,83.67,57277.43,2026-04-28 17:30:00
1777398300000,83.67,83.7,83.53,83.57,17648.48,2026-04-28 17:45:00
1777399200000,83.57,83.71,83.55,83.61,24543.72,2026-04-28 18:00:00
1777400100000,83.61,83.79,83.61,83.77,43373.13,2026-04-28 18:15:00
1777401000000,83.77,83.79,83.57,83.59,23899.92,2026-04-28 18:30:00
1777401900000,83.59,83.76,83.55,83.76,19350.75,2026-04-28 18:45:00
1777402800000,83.75,83.79,83.66,83.68,16398.3,2026-04-28 19:00:00
1777403700000,83.68,83.75,83.65,83.75,12996.86,2026-04-28 19:15:00
1777404600000,83.75,83.91,83.73,83.9,23005.0,2026-04-28 19:30:00
1777405500000,83.91,84.02,83.83,83.84,93183.54,2026-04-28 19:45:00
1777406400000,83.85,83.95,83.8,83.87,38467.24,2026-04-28 20:00:00
1777407300000,83.87,83.87,83.79,83.8,10186.23,2026-04-28 20:15:00
1777408200000,83.79,83.88,83.72,83.77,18126.5,2026-04-28 20:30:00
1777409100000,83.77,83.82,83.73,83.74,8193.62,2026-04-28 20:45:00
1777410000000,83.73,83.9,83.68,83.75,39193.0,2026-04-28 21:00:00
1777410900000,83.75,83.78,83.66,83.67,21972.65,2026-04-28 21:15:00
1777411800000,83.67,83.77,83.64,83.7,18225.48,2026-04-28 21:30:00
1777412700000,83.7,83.8,83.58,83.68,81404.38,2026-04-28 21:45:00
1777413600000,83.69,83.88,83.64,83.67,45786.1,2026-04-28 22:00:00
1777414500000,83.68,83.74,83.62,83.63,49294.08,2026-04-28 22:15:00
1777415400000,83.64,83.8,83.53,83.66,123406.18,2026-04-28 22:30:00
1777416300000,83.65,83.68,83.62,83.67,9692.1,2026-04-28 22:45:00
1777417200000,83.67,83.79,83.6,83.75,71525.64,2026-04-28 23:00:00
1777418100000,83.75,83.82,83.72,83.77,11762.14,2026-04-28 23:15:00
1777419000000,83.77,83.94,83.74,83.85,89887.96,2026-04-28 23:30:00
1777419900000,83.85,84.12,83.85,84.01,163266.54,2026-04-28 23:45:00
1777420800000,84.0,84.14,83.91,84.0,106100.34,2026-04-29 00:00:00
1777421700000,83.99,84.0,83.81,83.84,47707.59,2026-04-29 00:15:00
1777422600000,83.83,83.91,83.8,83.88,38024.68,2026-04-29 00:30:00
1777423500000,83.88,84.12,83.75,84.01,122581.15,2026-04-29 00:45:00
1777424400000,84.0,84.06,83.75,83.85,32029.67,2026-04-29 01:00:00
1777425300000,83.84,83.91,83.78,83.8,36346.45,2026-04-29 01:15:00
1777426200000,83.8,83.94,83.75,83.94,20008.17,2026-04-29 01:30:00
1777427100000,83.93,84.16,83.89,84.03,61838.42,2026-04-29 01:45:00
1777428000000,84.04,84.17,84.02,84.07,32734.21,2026-04-29 02:00:00
1777428900000,84.06,84.13,84.0,84.0,25476.04,2026-04-29 02:15:00
1777429800000,84.0,84.02,83.88,83.9,44631.88,2026-04-29 02:30:00
1777430700000,83.9,84.01,83.88,83.98,15614.8,2026-04-29 02:45:00
1777431600000,83.98,84.21,83.98,84.17,44140.89,2026-04-29 03:00:00
1777432500000,84.18,84.61,84.16,84.5,168342.33,2026-04-29 03:15:00
1777433400000,84.49,84.69,84.33,84.6,95646.45,2026-04-29 03:30:00
1777434300000,84.61,84.66,84.49,84.55,53180.6,2026-04-29 03:45:00
1777435200000,84.54,84.58,84.39,84.52,56278.6,2026-04-29 04:00:00
1777436100000,84.52,84.67,84.52,84.57,47359.21,2026-04-29 04:15:00
1777437000000,84.57,85.03,84.54,84.84,223267.26,2026-04-29 04:30:00
1777437900000,84.84,84.98,84.83,84.92,75355.33,2026-04-29 04:45:00
1777438800000,84.92,84.96,84.66,84.78,119138.23,2026-04-29 05:00:00
1777439700000,84.78,84.87,84.72,84.87,20294.66,2026-04-29 05:15:00
1777440600000,84.87,84.87,84.79,84.81,33001.17,2026-04-29 05:30:00
1777441500000,84.82,84.93,84.78,84.8,41319.97,2026-04-29 05:45:00
1777442400000,84.8,84.95,84.76,84.78,67551.86,2026-04-29 06:00:00
1777443300000,84.78,84.83,84.72,84.78,59375.45,2026-04-29 06:15:00
1777444200000,84.78,84.81,84.64,84.69,48544.11,2026-04-29 06:30:00
1777445100000,84.7,84.75,84.48,84.58,69861.88,2026-04-29 06:45:00
1777446000000,84.58,84.67,84.56,84.65,27256.5,2026-04-29 07:00:00
1777446900000,84.66,84.67,84.57,84.6,37050.55,2026-04-29 07:15:00
1777447800000,84.61,84.83,84.61,84.77,48739.9,2026-04-29 07:30:00
1777448700000,84.76,84.77,84.62,84.66,30922.78,2026-04-29 07:45:00
1777449600000,84.67,84.72,84.48,84.56,68349.59,2026-04-29 08:00:00
1777450500000,84.57,84.68,84.52,84.6,25695.82,2026-04-29 08:15:00
1777451400000,84.59,84.59,84.32,84.44,79688.88,2026-04-29 08:30:00
1777452300000,84.45,84.48,84.4,84.48,20333.03,2026-04-29 08:45:00
1777453200000,84.48,84.59,84.43,84.57,25322.75,2026-04-29 09:00:00
1777454100000,84.57,84.76,84.55,84.68,54695.99,2026-04-29 09:15:00
1777455000000,84.68,84.87,84.66,84.82,53622.73,2026-04-29 09:30:00
1777455900000,84.82,85.56,84.76,85.26,460411.71,2026-04-29 09:45:00
1777456800000,85.27,85.41,85.22,85.4,88700.75,2026-04-29 10:00:00
1777457700000,85.41,85.5,85.35,85.49,97668.29,2026-04-29 10:15:00
1777458600000,85.49,85.51,85.09,85.12,135424.51,2026-04-29 10:30:00
1777459500000,85.12,85.37,85.1,85.1,73882.03,2026-04-29 10:45:00
1777460400000,85.11,85.13,84.88,85.01,74505.23,2026-04-29 11:00:00
1777461300000,85.01,85.06,84.86,84.86,49942.71,2026-04-29 11:15:00
1777462200000,84.86,85.0,84.84,84.87,29075.9,2026-04-29 11:30:00
1777463100000,84.86,84.91,84.73,84.86,56528.18,2026-04-29 11:45:00
1777464000000,84.87,84.87,84.27,84.27,156118.43,2026-04-29 12:00:00
1777464900000,84.28,84.42,83.87,84.09,281958.29,2026-04-29 12:15:00
1777465800000,84.1,84.26,83.89,84.1,126413.91,2026-04-29 12:30:00
1777466700000,84.1,84.25,84.04,84.19,42484.39,2026-04-29 12:45:00
1777467600000,84.18,84.22,84.08,84.18,46833.97,2026-04-29 13:00:00
1777468500000,84.18,84.23,83.87,83.95,72654.31,2026-04-29 13:15:00
1777469400000,83.95,84.06,83.61,83.74,158244.66,2026-04-29 13:30:00
1777470300000,83.74,84.01,83.56,83.94,181349.84,2026-04-29 13:45:00
1777471200000,83.93,83.94,83.59,83.73,94626.18,2026-04-29 14:00:00
1777472100000,83.74,83.99,83.65,83.89,77868.49,2026-04-29 14:15:00
1777473000000,83.89,83.99,83.7,83.85,102620.37,2026-04-29 14:30:00
1777473900000,83.86,83.87,83.66,83.77,33765.93,2026-04-29 14:45:00
1777474800000,83.78,83.86,83.03,83.18,239598.59,2026-04-29 15:00:00
1777475700000,83.18,83.47,83.08,83.42,166703.22,2026-04-29 15:15:00
1777476600000,83.42,83.56,83.05,83.09,150581.81,2026-04-29 15:30:00
1777477500000,83.08,83.21,82.89,83.2,218225.04,2026-04-29 15:45:00
1777478400000,83.19,83.59,83.11,83.41,92348.23,2026-04-29 16:00:00
1777479300000,83.42,83.51,82.99,83.09,123105.18,2026-04-29 16:15:00
1777480200000,83.08,83.18,82.96,83.11,63905.37,2026-04-29 16:30:00
1777481100000,83.11,83.14,82.87,83.06,85544.35,2026-04-29 16:45:00
1777482000000,83.06,83.25,82.98,83.05,84317.32,2026-04-29 17:00:00
1777482900000,83.05,83.19,82.67,82.83,151520.02,2026-04-29 17:15:00
1777483800000,82.83,83.03,82.79,83.02,74901.61,2026-04-29 17:30:00
1777484700000,83.02,83.34,82.93,83.34,79701.17,2026-04-29 17:45:00
1777485600000,83.33,83.42,81.37,81.95,799859.08,2026-04-29 18:00:00
1777486500000,81.94,82.07,81.47,81.69,240779.97,2026-04-29 18:15:00
1777487400000,81.69,82.0,81.34,81.76,228290.81,2026-04-29 18:30:00
1777488300000,81.76,82.23,81.73,82.23,70546.51,2026-04-29 18:45:00
1777489200000,82.23,82.26,81.95,82.25,117115.86,2026-04-29 19:00:00
1777490100000,82.25,82.31,82.13,82.2,36377.45,2026-04-29 19:15:00
1777491000000,82.2,82.22,81.92,82.03,43940.54,2026-04-29 19:30:00
1777491900000,82.02,82.24,82.0,82.14,41215.28,2026-04-29 19:45:00
1777492800000,82.14,82.48,82.11,82.2,134513.81,2026-04-29 20:00:00
1777493700000,82.21,82.48,82.17,82.47,81885.8,2026-04-29 20:15:00
1777494600000,82.48,82.67,82.4,82.54,62631.34,2026-04-29 20:30:00
1777495500000,82.54,82.75,82.51,82.57,38606.1,2026-04-29 20:45:00
1777496400000,82.58,82.89,82.47,82.77,66682.56,2026-04-29 21:00:00
1777497300000,82.77,82.9,82.73,82.85,45439.85,2026-04-29 21:15:00
1777498200000,82.85,83.04,82.8,82.98,44079.78,2026-04-29 21:30:00
1777499100000,82.98,83.19,82.84,82.85,48707.53,2026-04-29 21:45:00
1777500000000,82.86,82.91,82.74,82.9,43480.71,2026-04-29 22:00:00
1777500900000,82.9,82.98,82.8,82.83,21982.81,2026-04-29 22:15:00
1777501800000,82.82,83.01,82.82,82.98,12813.52,2026-04-29 22:30:00
1777502700000,82.98,83.09,82.95,83.01,69141.97,2026-04-29 22:45:00
1777503600000,83.01,83.05,82.92,83.04,19620.84,2026-04-29 23:00:00
1777504500000,83.04,83.05,82.78,82.98,58373.17,2026-04-29 23:15:00
1777505400000,82.97,83.05,82.9,82.98,34316.04,2026-04-29 23:30:00
1777506300000,82.99,83.08,82.89,83.02,40821.48,2026-04-29 23:45:00
1777507200000,83.02,83.27,83.02,83.17,98807.1,2026-04-30 00:00:00
1777508100000,83.17,83.31,83.07,83.24,51361.61,2026-04-30 00:15:00
1777509000000,83.23,83.87,83.23,83.57,277402.63,2026-04-30 00:30:00
1777509900000,83.56,83.98,83.56,83.76,95319.63,2026-04-30 00:45:00
1777510800000,83.76,83.9,83.62,83.89,118152.28,2026-04-30 01:00:00
1777511700000,83.89,83.94,83.72,83.82,57168.43,2026-04-30 01:15:00
1777512600000,83.83,83.97,83.65,83.78,37759.17,2026-04-30 01:30:00
1777513500000,83.78,83.93,83.69,83.71,40384.49,2026-04-30 01:45:00
1777514400000,83.71,83.94,83.71,83.82,42946.64,2026-04-30 02:00:00
1777515300000,83.82,83.86,83.46,83.51,102157.96,2026-04-30 02:15:00
1777516200000,83.52,83.52,82.63,82.84,199399.28,2026-04-30 02:30:00
1777517100000,82.84,83.05,82.64,82.93,64377.09,2026-04-30 02:45:00
1777518000000,82.93,83.02,82.87,82.93,32266.99,2026-04-30 03:00:00
1777518900000,82.92,83.03,82.81,83.02,40369.44,2026-04-30 03:15:00
1777519800000,83.03,83.2,82.91,83.13,28887.27,2026-04-30 03:30:00
1777520700000,83.13,83.13,83.01,83.02,16140.4,2026-04-30 03:45:00
1777521600000,83.02,83.04,82.68,82.83,52548.97,2026-04-30 04:00:00
1777522500000,82.83,82.85,82.61,82.72,33521.5,2026-04-30 04:15:00
1777523400000,82.71,82.72,82.33,82.35,75245.14,2026-04-30 04:30:00
1777524300000,82.35,82.45,82.33,82.37,26222.98,2026-04-30 04:45:00
1777525200000,82.37,82.53,82.28,82.47,47547.47,2026-04-30 05:00:00
1777526100000,82.47,82.54,82.11,82.27,42242.15,2026-04-30 05:15:00
1777527000000,82.26,82.74,82.25,82.64,59833.97,2026-04-30 05:30:00
1777527900000,82.64,82.71,82.52,82.54,26742.47,2026-04-30 05:45:00
1777528800000,82.54,82.63,82.49,82.57,32276.0,2026-04-30 06:00:00
1777529700000,82.57,82.74,82.56,82.73,27703.5,2026-04-30 06:15:00
1777530600000,82.73,83.04,82.73,82.85,62426.52,2026-04-30 06:30:00
1777531500000,82.84,82.94,82.78,82.89,14980.01,2026-04-30 06:45:00
1777532400000,82.89,83.04,82.83,83.0,32440.07,2026-04-30 07:00:00
1777533300000,83.0,83.06,82.96,83.03,24672.49,2026-04-30 07:15:00
1777534200000,83.03,83.24,83.01,83.18,61867.58,2026-04-30 07:30:00
1777535100000,83.18,83.37,83.15,83.32,71495.58,2026-04-30 07:45:00
1777536000000,83.32,83.39,83.19,83.26,51146.3,2026-04-30 08:00:00
1777536900000,83.27,83.34,83.14,83.21,55981.68,2026-04-30 08:15:00
1777537800000,83.2,83.22,83.09,83.19,34391.5,2026-04-30 08:30:00
1777538700000,83.19,83.22,83.08,83.09,34686.88,2026-04-30 08:45:00
1777539600000,83.09,83.15,83.04,83.11,29056.87,2026-04-30 09:00:00
1777540500000,83.1,83.29,83.03,83.28,23385.58,2026-04-30 09:15:00
1777541400000,83.28,83.53,83.19,83.2,69254.71,2026-04-30 09:30:00
1777542300000,83.2,83.27,83.1,83.11,28598.46,2026-04-30 09:45:00
1777543200000,83.11,83.18,82.96,82.98,43919.02,2026-04-30 10:00:00
1777544100000,82.97,83.02,82.89,82.89,42523.56,2026-04-30 10:15:00
1777545000000,82.9,83.03,82.89,82.97,37478.1,2026-04-30 10:30:00
1777545900000,82.98,83.03,82.91,82.97,17837.44,2026-04-30 10:45:00
1777546800000,82.97,83.34,82.96,83.2,53949.26,2026-04-30 11:00:00
1777547700000,83.2,83.3,83.14,83.22,26806.85,2026-04-30 11:15:00
1777548600000,83.23,83.23,82.86,82.89,29284.87,2026-04-30 11:30:00
1777549500000,82.89,83.0,82.76,82.96,36177.88,2026-04-30 11:45:00
1777550400000,82.96,83.1,82.95,83.1,24108.52,2026-04-30 12:00:00
1777551300000,83.09,83.44,83.09,83.27,75745.84,2026-04-30 12:15:00
1777552200000,83.28,83.34,83.15,83.18,36680.56,2026-04-30 12:30:00
1777553100000,83.17,83.26,83.13,83.18,28738.88,2026-04-30 12:45:00
1777554000000,83.17,83.26,83.09,83.1,28079.66,2026-04-30 13:00:00
1777554900000,83.11,83.18,82.98,83.02,19070.35,2026-04-30 13:15:00
1777555800000,83.02,83.49,82.82,83.49,81827.04,2026-04-30 13:30:00
1777556700000,83.48,83.52,83.12,83.15,53774.08,2026-04-30 13:45:00
1777557600000,83.15,83.36,82.98,83.1,44980.02,2026-04-30 14:00:00
1777558500000,83.1,83.11,82.62,82.96,88723.3,2026-04-30 14:15:00
1777559400000,82.96,83.28,82.86,83.06,77163.79,2026-04-30 14:30:00
1777560300000,83.06,83.33,83.02,83.19,57840.53,2026-04-30 14:45:00
1777561200000,83.19,83.31,82.97,83.28,60747.77,2026-04-30 15:00:00
1777562100000,83.27,83.47,83.17,83.47,76992.83,2026-04-30 15:15:00
1777563000000,83.47,83.8,83.18,83.27,118540.79,2026-04-30 15:30:00
1777563900000,83.26,83.43,83.12,83.31,33057.53,2026-04-30 15:45:00
1777564800000,83.3,83.39,83.16,83.34,36576.3,2026-04-30 16:00:00
1777565700000,83.33,83.34,83.05,83.17,25852.19,2026-04-30 16:15:00
1777566600000,83.18,83.2,83.1,83.15,21302.37,2026-04-30 16:30:00
1777567500000,83.16,83.2,82.89,82.96,49659.53,2026-04-30 16:45:00
1777568400000,82.97,83.09,82.89,82.99,30997.65,2026-04-30 17:00:00
1777569300000,82.98,82.98,82.82,82.88,25231.05,2026-04-30 17:15:00
1777570200000,82.88,83.04,82.83,82.95,30363.91,2026-04-30 17:30:00
1777571100000,82.95,83.06,82.94,82.99,15502.62,2026-04-30 17:45:00
1777572000000,82.99,83.26,82.99,83.03,26421.37,2026-04-30 18:00:00
1777572900000,83.03,83.24,83.0,83.02,18203.3,2026-04-30 18:15:00
1777573800000,83.01,83.15,82.95,83.1,14758.21,2026-04-30 18:30:00
1777574700000,83.1,83.21,83.02,83.02,15224.45,2026-04-30 18:45:00
1777575600000,83.02,83.23,82.97,83.15,28405.86,2026-04-30 19:00:00
1777576500000,83.15,83.16,83.04,83.12,16456.33,2026-04-30 19:15:00
1777577400000,83.12,83.25,83.11,83.21,12135.25,2026-04-30 19:30:00
1777578300000,83.21,83.21,82.97,82.99,29350.8,2026-04-30 19:45:00
1777579200000,82.99,83.11,82.93,83.06,25609.03,2026-04-30 20:00:00
1777580100000,83.07,83.16,82.99,83.09,8873.54,2026-04-30 20:15:00
1777581000000,83.09,83.16,83.02,83.12,11360.73,2026-04-30 20:30:00
1777581900000,83.11,83.14,83.05,83.05,7214.63,2026-04-30 20:45:00
1777582800000,83.05,83.11,83.01,83.1,10015.55,2026-04-30 21:00:00
1777583700000,83.1,83.11,82.92,82.94,9406.99,2026-04-30 21:15:00
1777584600000,82.94,83.03,82.92,82.96,12507.44,2026-04-30 21:30:00
1777585500000,82.96,82.96,82.8,82.83,19071.32,2026-04-30 21:45:00
1777586400000,82.84,82.92,82.77,82.87,35745.45,2026-04-30 22:00:00
1777587300000,82.87,82.98,82.85,82.97,17745.05,2026-04-30 22:15:00
1777588200000,82.97,83.0,82.77,82.87,20020.14,2026-04-30 22:30:00
1777589100000,82.87,82.9,82.74,82.82,27566.61,2026-04-30 22:45:00
1777590000000,82.81,82.92,82.8,82.91,19084.58,2026-04-30 23:00:00
1777590900000,82.91,82.97,82.91,82.97,7025.97,2026-04-30 23:15:00
1777591800000,82.97,83.05,82.96,82.98,19201.34,2026-04-30 23:30:00
1777592700000,82.98,83.05,82.95,83.04,21990.97,2026-04-30 23:45:00
1777593600000,83.04,83.28,83.02,83.21,33973.42,2026-05-01 00:00:00
1777594500000,83.22,83.32,83.19,83.23,25818.37,2026-05-01 00:15:00
1777595400000,83.24,83.29,83.12,83.27,37313.37,2026-05-01 00:30:00
1777596300000,83.27,83.38,83.09,83.15,35315.55,2026-05-01 00:45:00
1777597200000,83.16,83.43,83.15,83.32,29967.33,2026-05-01 01:00:00
1777598100000,83.32,83.41,83.3,83.32,16212.9,2026-05-01 01:15:00
1777599000000,83.32,83.51,83.3,83.51,31491.63,2026-05-01 01:30:00
1777599900000,83.5,83.64,83.47,83.57,102776.68,2026-05-01 01:45:00
1777600800000,83.58,83.69,83.52,83.59,38581.11,2026-05-01 02:00:00
1777601700000,83.6,83.66,83.46,83.5,27665.76,2026-05-01 02:15:00
1777602600000,83.5,83.52,83.42,83.48,21774.73,2026-05-01 02:30:00
1777603500000,83.48,83.82,83.46,83.59,171733.21,2026-05-01 02:45:00
1777604400000,83.58,83.71,83.53,83.59,25833.24,2026-05-01 03:00:00
1777605300000,83.6,84.37,83.59,84.1,289177.29,2026-05-01 03:15:00
1777606200000,84.1,84.2,83.8,83.95,90637.93,2026-05-01 03:30:00
1777607100000,83.95,84.0,83.82,83.87,32312.54,2026-05-01 03:45:00
1777608000000,83.87,84.04,83.85,83.88,73180.8,2026-05-01 04:00:00
1777608900000,83.88,83.98,83.64,83.7,60540.59,2026-05-01 04:15:00
1777609800000,83.69,83.83,83.65,83.81,84007.4,2026-05-01 04:30:00
1777610700000,83.82,83.87,83.77,83.79,20579.68,2026-05-01 04:45:00
1777611600000,83.79,84.22,83.71,84.07,144500.15,2026-05-01 05:00:00
1777612500000,84.07,84.08,83.93,83.94,23432.1,2026-05-01 05:15:00
1777613400000,83.93,84.13,83.91,84.09,60365.8,2026-05-01 05:30:00
1777614300000,84.1,84.15,84.0,84.03,18530.68,2026-05-01 05:45:00
1777615200000,84.03,84.1,83.99,84.09,28113.22,2026-05-01 06:00:00
1777616100000,84.09,84.15,84.03,84.03,16847.27,2026-05-01 06:15:00
1777617000000,84.03,84.04,83.79,83.88,59910.68,2026-05-01 06:30:00
1777617900000,83.88,83.92,83.65,83.81,47764.35,2026-05-01 06:45:00
1777618800000,83.81,83.93,83.72,83.88,40966.19,2026-05-01 07:00:00
1777619700000,83.88,83.95,83.64,83.64,90968.54,2026-05-01 07:15:00
1777620600000,83.64,83.84,83.63,83.7,141349.68,2026-05-01 07:30:00
1777621500000,83.7,83.92,83.7,83.92,69371.67,2026-05-01 07:45:00
1777622400000,83.92,84.12,83.86,84.12,48333.41,2026-05-01 08:00:00
1777623300000,84.12,84.27,84.08,84.11,89758.4,2026-05-01 08:15:00
1777624200000,84.12,84.16,84.03,84.11,60248.77,2026-05-01 08:30:00
1777625100000,84.11,84.15,84.07,84.14,18631.55,2026-05-01 08:45:00
1777626000000,84.14,84.14,84.03,84.09,13563.54,2026-05-01 09:00:00
1777626900000,84.09,84.09,83.92,84.0,43001.29,2026-05-01 09:15:00
1777627800000,83.99,84.04,83.88,84.03,38861.09,2026-05-01 09:30:00
1777628700000,84.03,84.03,83.88,83.92,27488.66,2026-05-01 09:45:00
1777629600000,83.92,83.92,83.64,83.79,63981.18,2026-05-01 10:00:00
1777630500000,83.78,84.04,83.76,83.94,37216.42,2026-05-01 10:15:00
1777631400000,83.93,83.97,83.78,83.82,17150.41,2026-05-01 10:30:00
1777632300000,83.82,83.93,83.82,83.91,10381.94,2026-05-01 10:45:00
1777633200000,83.9,83.96,83.85,83.92,16809.12,2026-05-01 11:00:00
1777634100000,83.92,84.18,83.86,83.87,49375.79,2026-05-01 11:15:00
1777635000000,83.88,83.94,83.82,83.91,22125.6,2026-05-01 11:30:00
1777635900000,83.91,83.99,83.83,83.99,11384.57,2026-05-01 11:45:00
1777636800000,83.99,84.2,83.88,84.05,65947.51,2026-05-01 12:00:00
1777637700000,84.04,84.42,84.04,84.32,192087.93,2026-05-01 12:15:00
1777638600000,84.32,84.55,84.28,84.28,140427.84,2026-05-01 12:30:00
1777639500000,84.29,84.37,84.22,84.23,40592.45,2026-05-01 12:45:00
1777640400000,84.23,84.61,84.23,84.49,82620.43,2026-05-01 13:00:00
1777641300000,84.49,84.56,84.33,84.35,52531.24,2026-05-01 13:15:00
1777642200000,84.35,84.58,84.19,84.28,117355.75,2026-05-01 13:30:00
1777643100000,84.29,84.82,84.21,84.57,161528.09,2026-05-01 13:45:00
1777644000000,84.57,84.7,84.38,84.41,118392.84,2026-05-01 14:00:00
1777644900000,84.4,84.46,84.06,84.12,153925.49,2026-05-01 14:15:00
1777645800000,84.12,84.2,83.82,84.14,96023.92,2026-05-01 14:30:00
1777646700000,84.14,84.3,84.11,84.16,55698.41,2026-05-01 14:45:00
1777647600000,84.15,84.25,83.95,84.25,45611.41,2026-05-01 15:00:00
1777648500000,84.24,84.43,84.23,84.32,54395.45,2026-05-01 15:15:00
1777649400000,84.32,84.58,84.32,84.45,61121.93,2026-05-01 15:30:00
1777650300000,84.46,84.48,83.98,84.42,131371.64,2026-05-01 15:45:00
1777651200000,84.41,84.59,84.21,84.21,50039.61,2026-05-01 16:00:00
1777652100000,84.21,84.43,84.08,84.25,113995.24,2026-05-01 16:15:00
1777653000000,84.24,84.28,84.08,84.19,24693.59,2026-05-01 16:30:00
1777653900000,84.19,84.26,83.95,83.96,46678.5,2026-05-01 16:45:00
1777654800000,83.97,84.18,83.88,84.17,51749.38,2026-05-01 17:00:00
1777655700000,84.18,84.2,83.9,83.94,24707.32,2026-05-01 17:15:00
1777656600000,83.95,84.18,83.86,84.07,41976.93,2026-05-01 17:30:00
1777657500000,84.07,84.23,84.03,84.19,23617.84,2026-05-01 17:45:00
1777658400000,84.18,84.23,84.09,84.19,19754.72,2026-05-01 18:00:00
1777659300000,84.18,84.28,84.04,84.15,34295.08,2026-05-01 18:15:00
1777660200000,84.15,84.15,83.99,83.99,20573.65,2026-05-01 18:30:00
1777661100000,84.0,84.0,83.93,83.94,12612.43,2026-05-01 18:45:00
1777662000000,83.94,84.03,83.9,84.0,20259.69,2026-05-01 19:00:00
1777662900000,84.0,84.0,83.75,83.9,26919.84,2026-05-01 19:15:00
1777663800000,83.89,83.9,83.77,83.8,42591.06,2026-05-01 19:30:00
1777664700000,83.79,83.87,83.73,83.83,34153.21,2026-05-01 19:45:00
1777665600000,83.84,83.88,83.68,83.79,30925.9,2026-05-01 20:00:00
1777666500000,83.8,83.83,83.65,83.77,33134.34,2026-05-01 20:15:00
1777667400000,83.76,83.8,83.49,83.58,81040.67,2026-05-01 20:30:00
1777668300000,83.57,83.67,83.26,83.44,65135.48,2026-05-01 20:45:00
1777669200000,83.44,83.53,83.38,83.48,44734.79,2026-05-01 21:00:00
1777670100000,83.48,83.62,83.44,83.55,14050.39,2026-05-01 21:15:00
1777671000000,83.55,83.76,83.54,83.63,44212.11,2026-05-01 21:30:00
1777671900000,83.64,83.72,83.6,83.67,15062.43,2026-05-01 21:45:00
1777672800000,83.67,83.77,83.64,83.67,19147.6,2026-05-01 22:00:00
1777673700000,83.67,83.85,83.65,83.76,25051.21,2026-05-01 22:15:00
1777674600000,83.75,83.77,83.65,83.68,16664.14,2026-05-01 22:30:00
1777675500000,83.69,83.73,83.53,83.71,22452.1,2026-05-01 22:45:00
1777676400000,83.7,83.78,83.64,83.76,39397.97,2026-05-01 23:00:00
1777677300000,83.75,83.84,83.51,83.54,101644.48,2026-05-01 23:15:00
1777678200000,83.54,83.69,83.53,83.63,14934.15,2026-05-01 23:30:00
1777679100000,83.64,83.73,83.63,83.71,11614.5,2026-05-01 23:45:00
1777680000000,83.71,83.73,83.6,83.62,23949.62,2026-05-02 00:00:00
1777680900000,83.62,83.66,83.47,83.49,34847.84,2026-05-02 00:15:00
1777681800000,83.48,83.71,83.38,83.71,137975.91,2026-05-02 00:30:00
1777682700000,83.7,83.83,83.64,83.79,22876.61,2026-05-02 00:45:00
1777683600000,83.78,83.88,83.72,83.86,34482.88,2026-05-02 01:00:00
1777684500000,83.85,83.85,83.74,83.8,18313.22,2026-05-02 01:15:00
1777685400000,83.8,83.93,83.79,83.93,26847.84,2026-05-02 01:30:00
1777686300000,83.92,84.01,83.89,84.0,54755.0,2026-05-02 01:45:00
1777687200000,84.0,84.2,83.8,83.93,254949.71,2026-05-02 02:00:00
1777688100000,83.92,83.99,83.86,83.87,23630.38,2026-05-02 02:15:00
1777689000000,83.87,83.99,83.85,83.88,27239.49,2026-05-02 02:30:00
1777689900000,83.88,84.06,83.86,83.89,95539.64,2026-05-02 02:45:00
1777690800000,83.89,83.9,83.66,83.73,53544.37,2026-05-02 03:00:00
1777691700000,83.73,83.87,83.69,83.82,28774.92,2026-05-02 03:15:00
1777692600000,83.81,83.93,83.74,83.76,16219.74,2026-05-02 03:30:00
1777693500000,83.76,83.83,83.73,83.76,13561.25,2026-05-02 03:45:00
1777694400000,83.76,83.79,83.58,83.62,64432.45,2026-05-02 04:00:00
1777695300000,83.62,83.65,83.59,83.62,18793.91,2026-05-02 04:15:00
1777696200000,83.62,83.71,83.58,83.61,18391.42,2026-05-02 04:30:00
1777697100000,83.6,83.62,83.51,83.58,39607.27,2026-05-02 04:45:00
1777698000000,83.59,83.63,83.5,83.54,29646.62,2026-05-02 05:00:00
1777698900000,83.53,83.59,83.49,83.59,20376.64,2026-05-02 05:15:00
1777699800000,83.58,83.66,83.58,83.63,16999.63,2026-05-02 05:30:00
1777700700000,83.63,83.69,83.59,83.63,19703.24,2026-05-02 05:45:00
1777701600000,83.63,83.72,83.6,83.6,17731.26,2026-05-02 06:00:00
1777702500000,83.61,83.65,83.51,83.52,15959.84,2026-05-02 06:15:00
1777703400000,83.51,83.61,83.51,83.59,32457.93,2026-05-02 06:30:00
1777704300000,83.59,83.8,83.59,83.76,26550.85,2026-05-02 06:45:00
1777705200000,83.76,83.8,83.7,83.73,18006.65,2026-05-02 07:00:00
1777706100000,83.73,83.76,83.71,83.73,15691.47,2026-05-02 07:15:00
1777707000000,83.73,83.74,83.64,83.7,19454.12,2026-05-02 07:30:00
1777707900000,83.7,83.72,83.65,83.67,9106.45,2026-05-02 07:45:00
1777708800000,83.67,83.67,83.57,83.66,17492.45,2026-05-02 08:00:00
1777709700000,83.65,83.69,83.6,83.66,13176.41,2026-05-02 08:15:00
1777710600000,83.67,83.79,83.66,83.77,20060.08,2026-05-02 08:30:00
1777711500000,83.77,83.83,83.76,83.78,25991.41,2026-05-02 08:45:00
1777712400000,83.79,83.84,83.77,83.81,12916.18,2026-05-02 09:00:00
1777713300000,83.82,83.92,83.8,83.86,26551.51,2026-05-02 09:15:00
1777714200000,83.86,84.0,83.8,83.91,42074.97,2026-05-02 09:30:00
1777715100000,83.91,84.11,83.91,83.95,105888.14,2026-05-02 09:45:00
1777716000000,83.95,83.96,83.89,83.91,25018.82,2026-05-02 10:00:00
1777716900000,83.91,83.93,83.82,83.86,18571.59,2026-05-02 10:15:00
1777717800000,83.86,83.89,83.81,83.89,6229.27,2026-05-02 10:30:00
1777718700000,83.89,83.91,83.85,83.89,7250.83,2026-05-02 10:45:00
1777719600000,83.88,83.89,83.72,83.73,14762.48,2026-05-02 11:00:00
1777720500000,83.72,83.75,83.7,83.7,22012.82,2026-05-02 11:15:00
1777721400000,83.7,83.71,83.46,83.64,139964.31,2026-05-02 11:30:00
1777722300000,83.64,83.64,83.55,83.64,37653.58,2026-05-02 11:45:00
1777723200000,83.63,83.77,83.62,83.74,69435.38,2026-05-02 12:00:00
1777724100000,83.74,84.01,83.74,84.0,61078.84,2026-05-02 12:15:00
1777725000000,84.0,84.04,83.71,83.88,140099.84,2026-05-02 12:30:00
1777725900000,83.87,83.96,83.75,83.81,100182.42,2026-05-02 12:45:00
1777726800000,83.81,84.03,83.8,83.94,43368.1,2026-05-02 13:00:00
1777727700000,83.94,83.96,83.87,83.88,15504.69,2026-05-02 13:15:00
1777728600000,83.89,83.93,83.82,83.91,19010.42,2026-05-02 13:30:00
1777729500000,83.91,83.94,83.82,83.89,31057.96,2026-05-02 13:45:00
1777730400000,83.89,83.95,83.84,83.89,15984.31,2026-05-02 14:00:00
1777731300000,83.88,84.04,83.88,83.94,20928.21,2026-05-02 14:15:00
1777732200000,83.94,84.01,83.89,83.9,16193.29,2026-05-02 14:30:00
1777733100000,83.9,84.02,83.9,83.92,11081.85,2026-05-02 14:45:00
1777734000000,83.92,84.01,83.91,83.94,8578.82,2026-05-02 15:00:00
1777734900000,83.93,83.95,83.87,83.95,12440.89,2026-05-02 15:15:00
1777735800000,83.94,83.96,83.9,83.93,11856.85,2026-05-02 15:30:00
1777736700000,83.92,84.01,83.9,83.99,15146.84,2026-05-02 15:45:00
1777737600000,83.99,84.07,83.97,84.06,45883.24,2026-05-02 16:00:00
1777738500000,84.05,84.17,84.02,84.03,41820.64,2026-05-02 16:15:00
1777739400000,84.03,84.12,83.99,84.05,24159.25,2026-05-02 16:30:00
1777740300000,84.05,84.23,84.04,84.15,24996.62,2026-05-02 16:45:00
1777741200000,84.15,84.17,84.03,84.05,34198.84,2026-05-02 17:00:00
1777742100000,84.05,84.07,83.98,84.0,16864.5,2026-05-02 17:15:00
1777743000000,84.01,84.1,83.97,83.99,9166.43,2026-05-02 17:30:00
1777743900000,83.99,84.0,83.95,84.0,13911.25,2026-05-02 17:45:00
1777744800000,83.99,84.01,83.88,83.91,22403.64,2026-05-02 18:00:00
1777745700000,83.92,84.08,83.91,84.08,9647.7,2026-05-02 18:15:00
1777746600000,84.07,84.15,84.05,84.11,17538.94,2026-05-02 18:30:00
1777747500000,84.1,84.16,84.1,84.12,5788.62,2026-05-02 18:45:00
1777748400000,84.13,84.26,84.11,84.24,19804.62,2026-05-02 19:00:00
1777749300000,84.23,84.24,84.13,84.16,13132.94,2026-05-02 19:15:00
1777750200000,84.15,84.23,84.13,84.2,5684.29,2026-05-02 19:30:00
1777751100000,84.19,84.2,84.15,84.18,3369.85,2026-05-02 19:45:00
1777752000000,84.18,84.19,84.1,84.12,6586.11,2026-05-02 20:00:00
1777752900000,84.12,84.15,84.11,84.13,3657.69,2026-05-02 20:15:00
1777753800000,84.13,84.17,84.09,84.1,7181.28,2026-05-02 20:30:00
1777754700000,84.11,84.16,84.04,84.15,11776.19,2026-05-02 20:45:00
1777755600000,84.15,84.17,84.11,84.12,9010.91,2026-05-02 21:00:00
1777756500000,84.13,84.3,84.12,84.3,16635.36,2026-05-02 21:15:00
1777757400000,84.3,84.95,84.29,84.61,221592.7,2026-05-02 21:30:00
1777758300000,84.61,84.86,84.5,84.52,124624.87,2026-05-02 21:45:00
1777759200000,84.51,84.61,84.37,84.4,31048.47,2026-05-02 22:00:00
1777760100000,84.4,84.4,84.02,84.19,97542.14,2026-05-02 22:15:00
1777761000000,84.2,84.34,84.15,84.19,26440.45,2026-05-02 22:30:00
1777761900000,84.2,84.52,84.19,84.41,43196.11,2026-05-02 22:45:00
1777762800000,84.41,84.41,84.26,84.34,23064.01,2026-05-02 23:00:00
1777763700000,84.34,84.44,84.33,84.44,25431.52,2026-05-02 23:15:00
1777764600000,84.44,84.47,84.32,84.34,26001.73,2026-05-02 23:30:00
1777765500000,84.33,84.45,84.18,84.24,105307.72,2026-05-02 23:45:00
1777766400000,84.24,84.28,83.93,83.95,65226.18,2026-05-03 00:00:00
1777767300000,83.95,84.1,83.77,84.1,117515.02,2026-05-03 00:15:00
1777768200000,84.09,84.17,84.01,84.06,41726.36,2026-05-03 00:30:00
1777769100000,84.06,84.06,83.9,84.05,20892.27,2026-05-03 00:45:00
1777770000000,84.04,84.05,83.76,83.95,27749.27,2026-05-03 01:00:00
1777770900000,83.95,83.98,83.74,83.84,27500.65,2026-05-03 01:15:00
1777771800000,83.84,83.84,83.69,83.74,52348.13,2026-05-03 01:30:00
1777772700000,83.73,83.79,83.7,83.71,11794.79,2026-05-03 01:45:00
1777773600000,83.7,83.77,83.57,83.64,73530.9,2026-05-03 02:00:00
1777774500000,83.65,83.67,83.56,83.56,34426.59,2026-05-03 02:15:00
1777775400000,83.57,83.67,83.56,83.59,28620.22,2026-05-03 02:30:00
1777776300000,83.6,83.68,83.59,83.64,28107.21,2026-05-03 02:45:00
1777777200000,83.63,83.64,83.53,83.54,38932.7,2026-05-03 03:00:00
1777778100000,83.54,83.61,83.53,83.57,17275.73,2026-05-03 03:15:00
1777779000000,83.57,83.69,83.56,83.57,25489.15,2026-05-03 03:30:00
1777779900000,83.57,83.65,83.54,83.61,19094.73,2026-05-03 03:45:00
1777780800000,83.6,83.65,83.52,83.56,49011.27,2026-05-03 04:00:00
1777781700000,83.57,83.63,83.54,83.63,19517.05,2026-05-03 04:15:00
1777782600000,83.62,83.69,83.62,83.65,31921.71,2026-05-03 04:30:00
1777783500000,83.65,83.67,83.61,83.63,18154.99,2026-05-03 04:45:00
1777784400000,83.63,83.79,83.63,83.75,44022.85,2026-05-03 05:00:00
1777785300000,83.76,83.79,83.68,83.72,29320.25,2026-05-03 05:15:00
1777786200000,83.71,83.74,83.62,83.62,29125.15,2026-05-03 05:30:00
1777787100000,83.61,83.71,83.61,83.69,9102.12,2026-05-03 05:45:00
1777788000000,83.69,83.69,83.59,83.6,18222.1,2026-05-03 06:00:00
1777788900000,83.59,83.63,83.53,83.56,23493.09,2026-05-03 06:15:00
1777789800000,83.56,83.64,83.56,83.63,23319.03,2026-05-03 06:30:00
1777790700000,83.63,83.83,83.61,83.68,45266.99,2026-05-03 06:45:00
1777791600000,83.69,83.93,83.68,83.78,69111.5,2026-05-03 07:00:00
1777792500000,83.79,83.94,83.78,83.87,21994.99,2026-05-03 07:15:00
1777793400000,83.88,83.96,83.87,83.87,18513.69,2026-05-03 07:30:00
1777794300000,83.88,83.93,83.78,83.81,24857.16,2026-05-03 07:45:00
1777795200000,83.82,83.95,83.81,83.92,14485.27,2026-05-03 08:00:00
1777796100000,83.91,83.97,83.79,83.81,29100.75,2026-05-03 08:15:00
1777797000000,83.82,83.88,83.76,83.87,24244.55,2026-05-03 08:30:00
1777797900000,83.87,83.91,83.83,83.83,13822.2,2026-05-03 08:45:00
1777798800000,83.84,83.92,83.82,83.89,18556.07,2026-05-03 09:00:00
1777799700000,83.89,84.0,83.85,83.96,31727.61,2026-05-03 09:15:00
1777800600000,83.96,84.06,83.85,83.95,60179.97,2026-05-03 09:30:00
1777801500000,83.95,84.03,83.9,84.0,28737.71,2026-05-03 09:45:00
1777802400000,84.0,84.01,83.86,83.95,21898.23,2026-05-03 10:00:00
1777803300000,83.96,83.97,83.87,83.89,14303.1,2026-05-03 10:15:00
1777804200000,83.9,83.99,83.89,83.89,20850.21,2026-05-03 10:30:00
1777805100000,83.9,83.9,83.75,83.76,32119.74,2026-05-03 10:45:00
1777806000000,83.76,83.92,83.68,83.84,54708.27,2026-05-03 11:00:00
1777806900000,83.84,83.87,83.8,83.81,9666.82,2026-05-03 11:15:00
1777807800000,83.81,84.1,83.81,84.02,57691.21,2026-05-03 11:30:00
1777808700000,84.02,84.14,83.88,83.89,56286.06,2026-05-03 11:45:00
1777809600000,83.9,84.2,83.9,84.13,42221.63,2026-05-03 12:00:00
1777810500000,84.13,84.14,84.02,84.07,31301.0,2026-05-03 12:15:00
1777811400000,84.07,84.09,84.01,84.08,15751.86,2026-05-03 12:30:00
1777812300000,84.08,84.12,84.01,84.04,13181.11,2026-05-03 12:45:00
1777813200000,84.05,84.16,84.0,84.15,25097.43,2026-05-03 13:00:00
1777814100000,84.14,84.16,83.97,84.04,27353.79,2026-05-03 13:15:00
1777815000000,84.04,84.1,83.94,83.98,34627.72,2026-05-03 13:30:00
1777815900000,83.98,84.07,83.93,84.04,29740.33,2026-05-03 13:45:00
1777816800000,84.04,84.2,84.03,84.19,22377.77,2026-05-03 14:00:00
1777817700000,84.19,84.27,84.09,84.21,32556.4,2026-05-03 14:15:00
1777818600000,84.21,84.3,84.19,84.28,38446.55,2026-05-03 14:30:00
1777819500000,84.28,84.4,84.2,84.31,41758.04,2026-05-03 14:45:00
1777820400000,84.3,84.38,84.2,84.23,47691.49,2026-05-03 15:00:00
1777821300000,84.24,84.31,84.19,84.29,47036.52,2026-05-03 15:15:00
1777822200000,84.29,84.35,84.12,84.15,23476.75,2026-05-03 15:30:00
1777823100000,84.16,84.17,84.05,84.11,31277.55,2026-05-03 15:45:00
1777824000000,84.11,84.17,83.95,84.0,39236.85,2026-05-03 16:00:00
1777824900000,84.0,84.11,83.94,84.09,33297.45,2026-05-03 16:15:00
1777825800000,84.09,84.25,84.08,84.15,22372.67,2026-05-03 16:30:00
1777826700000,84.15,84.16,84.07,84.08,11480.62,2026-05-03 16:45:00
1777827600000,84.09,84.15,83.94,84.12,42676.73,2026-05-03 17:00:00
1777828500000,84.12,84.26,84.12,84.17,27751.57,2026-05-03 17:15:00
1777829400000,84.18,84.28,84.16,84.21,9804.88,2026-05-03 17:30:00
1777830300000,84.21,84.21,84.13,84.15,6707.18,2026-05-03 17:45:00
1777831200000,84.15,84.16,84.09,84.11,10462.84,2026-05-03 18:00:00
1777832100000,84.11,84.22,84.05,84.16,9585.08,2026-05-03 18:15:00
1777833000000,84.17,84.2,84.09,84.19,17528.26,2026-05-03 18:30:00
1777833900000,84.19,84.29,84.19,84.23,23047.54,2026-05-03 18:45:00
1777834800000,84.23,84.3,84.21,84.24,11662.8,2026-05-03 19:00:00
1777835700000,84.23,84.27,84.21,84.26,8572.33,2026-05-03 19:15:00
1777836600000,84.25,84.47,84.25,84.4,26077.16,2026-05-03 19:30:00
1777837500000,84.39,84.42,84.32,84.32,13361.29,2026-05-03 19:45:00
1777838400000,84.33,84.41,84.31,84.32,17569.37,2026-05-03 20:00:00
1777839300000,84.32,84.54,84.29,84.46,35213.46,2026-05-03 20:15:00
1777840200000,84.47,84.7,84.4,84.41,84845.52,2026-05-03 20:30:00
1777841100000,84.41,84.44,84.21,84.29,35176.38,2026-05-03 20:45:00
1777842000000,84.29,84.41,84.21,84.41,33884.05,2026-05-03 21:00:00
1777842900000,84.4,84.41,84.24,84.28,39726.8,2026-05-03 21:15:00
1777843800000,84.28,84.35,83.79,83.93,81109.26,2026-05-03 21:30:00
1777844700000,83.93,84.1,83.81,84.1,41859.95,2026-05-03 21:45:00
1777845600000,84.1,84.83,84.1,84.72,139664.22,2026-05-03 22:00:00
1777846500000,84.72,84.96,84.43,84.55,128603.7,2026-05-03 22:15:00
1777847400000,84.54,84.76,84.42,84.7,26193.77,2026-05-03 22:30:00
1777848300000,84.71,84.82,84.58,84.64,50960.3,2026-05-03 22:45:00
1777849200000,84.64,84.75,84.44,84.5,41317.71,2026-05-03 23:00:00
1777850100000,84.51,84.54,83.93,84.03,147466.15,2026-05-03 23:15:00
1777851000000,84.02,84.13,83.92,83.97,66803.3,2026-05-03 23:30:00
1777851900000,83.97,83.97,83.82,83.87,59157.22,2026-05-03 23:45:00
1777852800000,83.87,83.88,83.57,83.73,165422.92,2026-05-04 00:00:00
1777853700000,83.74,83.75,83.3,83.39,188436.94,2026-05-04 00:15:00
1777854600000,83.39,83.5,83.33,83.4,126123.24,2026-05-04 00:30:00
1777855500000,83.41,83.8,83.41,83.75,66777.46,2026-05-04 00:45:00
1777856400000,83.75,83.85,83.57,83.65,51438.84,2026-05-04 01:00:00
1777857300000,83.64,83.72,83.37,83.52,141422.31,2026-05-04 01:15:00
1777858200000,83.53,84.41,83.51,83.96,209842.89,2026-05-04 01:30:00
1777859100000,83.97,84.88,83.96,84.73,318812.09,2026-05-04 01:45:00
1777860000000,84.73,85.24,84.73,84.96,413610.72,2026-05-04 02:00:00
1777860900000,84.96,85.18,84.68,85.0,249334.1,2026-05-04 02:15:00
1777861800000,85.0,85.58,85.0,85.45,293277.45,2026-05-04 02:30:00
1777862700000,85.46,85.53,85.19,85.2,96771.05,2026-05-04 02:45:00
1777863600000,85.21,85.54,85.15,85.52,90289.9,2026-05-04 03:00:00
1777864500000,85.53,85.53,85.19,85.26,95393.64,2026-05-04 03:15:00
1777865400000,85.27,85.33,85.06,85.19,57680.34,2026-05-04 03:30:00
1777866300000,85.2,85.38,85.14,85.37,45521.87,2026-05-04 03:45:00
1777867200000,85.38,85.51,85.34,85.48,66533.59,2026-05-04 04:00:00
1777868100000,85.49,85.77,85.46,85.64,152584.46,2026-05-04 04:15:00
1777869000000,85.64,85.87,85.64,85.77,187240.91,2026-05-04 04:30:00
1777869900000,85.77,85.82,85.65,85.72,82171.63,2026-05-04 04:45:00
1777870800000,85.72,85.76,85.47,85.62,96992.95,2026-05-04 05:00:00
1777871700000,85.62,85.62,85.33,85.36,125840.02,2026-05-04 05:15:00
1777872600000,85.35,85.46,85.29,85.44,68072.41,2026-05-04 05:30:00
1777873500000,85.45,85.45,85.32,85.34,24510.12,2026-05-04 05:45:00
1777874400000,85.33,85.37,85.15,85.25,65065.95,2026-05-04 06:00:00
1777875300000,85.25,85.25,84.44,84.75,284674.46,2026-05-04 06:15:00
1777876200000,84.76,84.78,84.49,84.69,207143.06,2026-05-04 06:30:00
1777877100000,84.69,84.96,84.69,84.82,94604.41,2026-05-04 06:45:00
1777878000000,84.82,84.92,84.7,84.9,59547.25,2026-05-04 07:00:00
1777878900000,84.91,84.96,84.76,84.8,24510.25,2026-05-04 07:15:00
1777879800000,84.79,84.83,84.62,84.83,43660.83,2026-05-04 07:30:00
1777880700000,84.83,84.94,84.78,84.82,26441.13,2026-05-04 07:45:00
1777881600000,84.81,84.81,84.56,84.78,47539.45,2026-05-04 08:00:00
1777882500000,84.79,84.81,84.6,84.75,37725.59,2026-05-04 08:15:00
1777883400000,84.75,84.84,84.71,84.72,23932.17,2026-05-04 08:30:00
1777884300000,84.71,84.83,84.64,84.7,27025.15,2026-05-04 08:45:00
1777885200000,84.71,84.82,84.62,84.73,38898.2,2026-05-04 09:00:00
1777886100000,84.72,84.87,84.69,84.76,37141.31,2026-05-04 09:15:00
1777887000000,84.76,85.18,84.73,85.09,101773.32,2026-05-04 09:30:00
1777887900000,85.1,85.15,84.95,84.99,51702.57,2026-05-04 09:45:00
1777888800000,84.99,85.02,83.55,83.79,709738.51,2026-05-04 10:00:00
1777889700000,83.78,83.8,83.19,83.48,408158.11,2026-05-04 10:15:00
1777890600000,83.48,84.13,83.34,83.99,430103.7,2026-05-04 10:30:00
1777891500000,83.99,84.15,83.88,83.97,85960.86,2026-05-04 10:45:00
1777892400000,83.97,84.08,83.89,84.0,75125.74,2026-05-04 11:00:00
1777893300000,84.01,84.08,83.82,83.84,49162.69,2026-05-04 11:15:00
1777894200000,83.84,84.01,83.77,83.88,56850.65,2026-05-04 11:30:00
1777895100000,83.89,83.97,83.82,83.89,41023.12,2026-05-04 11:45:00
1777896000000,83.89,83.92,83.79,83.89,44323.27,2026-05-04 12:00:00
1777896900000,83.89,84.1,83.81,84.01,49333.0,2026-05-04 12:15:00
1777897800000,84.01,84.04,83.9,84.03,22789.34,2026-05-04 12:30:00
1777898700000,84.03,84.04,83.83,83.84,24708.8,2026-05-04 12:45:00
1777899600000,83.84,84.16,83.54,83.97,141007.45,2026-05-04 13:00:00
1777900500000,83.97,84.12,83.94,84.08,38767.8,2026-05-04 13:15:00
1777901400000,84.08,84.29,84.0,84.03,77968.4,2026-05-04 13:30:00
1777902300000,84.04,84.17,83.85,83.94,46426.8,2026-05-04 13:45:00
1777903200000,83.94,84.25,83.72,84.19,102083.8,2026-05-04 14:00:00
1777904100000,84.19,84.66,84.15,84.39,143015.79,2026-05-04 14:15:00
1777905000000,84.4,84.77,84.38,84.59,128286.25,2026-05-04 14:30:00
1777905900000,84.59,85.29,84.59,84.94,305457.08,2026-05-04 14:45:00
1777906800000,84.95,85.14,84.7,84.81,175953.86,2026-05-04 15:00:00
1777907700000,84.81,84.97,83.86,84.42,456546.27,2026-05-04 15:15:00
1777908600000,84.43,84.52,84.17,84.5,97691.75,2026-05-04 15:30:00
1777909500000,84.49,84.59,84.03,84.43,98557.9,2026-05-04 15:45:00
1777910400000,84.44,84.51,83.97,84.04,168508.55,2026-05-04 16:00:00
1777911300000,84.03,84.77,83.92,84.52,213388.67,2026-05-04 16:15:00
1777912200000,84.51,84.68,84.41,84.59,63825.7,2026-05-04 16:30:00
1777913100000,84.6,84.62,84.38,84.46,41412.67,2026-05-04 16:45:00
1777914000000,84.45,84.91,84.44,84.77,70657.27,2026-05-04 17:00:00
1777914900000,84.77,84.97,84.69,84.87,64668.08,2026-05-04 17:15:00
1777915800000,84.86,84.88,84.64,84.75,37603.12,2026-05-04 17:30:00
1777916700000,84.76,85.19,84.72,84.91,94180.07,2026-05-04 17:45:00
1777917600000,84.91,85.02,84.85,84.93,44668.21,2026-05-04 18:00:00
1777918500000,84.92,84.92,84.69,84.78,73231.24,2026-05-04 18:15:00
1777919400000,84.79,84.82,84.68,84.69,25461.75,2026-05-04 18:30:00
1777920300000,84.68,84.71,84.54,84.71,61177.67,2026-05-04 18:45:00
1777921200000,84.72,84.74,84.48,84.59,42372.61,2026-05-04 19:00:00
1777922100000,84.59,84.59,84.36,84.44,37214.81,2026-05-04 19:15:00
1777923000000,84.45,84.47,84.33,84.38,20554.24,2026-05-04 19:30:00
1777923900000,84.37,84.44,84.33,84.41,27326.12,2026-05-04 19:45:00
1777924800000,84.42,84.43,84.23,84.29,28275.13,2026-05-04 20:00:00
1777925700000,84.3,84.35,84.07,84.2,39815.44,2026-05-04 20:15:00
1777926600000,84.19,84.2,84.0,84.04,63708.84,2026-05-04 20:30:00
1777927500000,84.03,84.09,84.01,84.03,19824.24,2026-05-04 20:45:00
1777928400000,84.02,84.21,84.02,84.21,35574.34,2026-05-04 21:00:00
1777929300000,84.21,84.33,84.17,84.29,18886.75,2026-05-04 21:15:00
1777930200000,84.28,84.41,84.28,84.36,22708.0,2026-05-04 21:30:00
1777931100000,84.37,84.46,84.36,84.37,9334.86,2026-05-04 21:45:00
1777932000000,84.37,84.51,84.34,84.43,36000.77,2026-05-04 22:00:00
1777932900000,84.44,84.48,84.24,84.28,33146.94,2026-05-04 22:15:00
1777933800000,84.29,84.29,84.13,84.15,19930.05,2026-05-04 22:30:00
1777934700000,84.14,84.24,84.11,84.15,24707.94,2026-05-04 22:45:00
1777935600000,84.16,84.16,84.01,84.08,28002.04,2026-05-04 23:00:00
1777936500000,84.08,84.17,83.99,84.16,30509.77,2026-05-04 23:15:00
1777937400000,84.15,84.15,83.95,84.02,15270.06,2026-05-04 23:30:00
1777938300000,84.01,84.08,84.0,84.03,32672.7,2026-05-04 23:45:00
1777939200000,84.03,84.15,83.99,84.1,50744.48,2026-05-05 00:00:00
1777940100000,84.1,84.1,83.97,83.99,19911.63,2026-05-05 00:15:00
1777941000000,83.99,84.21,83.98,84.18,29499.73,2026-05-05 00:30:00
1777941900000,84.18,84.3,84.13,84.26,29370.62,2026-05-05 00:45:00
1777942800000,84.25,84.36,84.08,84.29,78843.91,2026-05-05 01:00:00
1777943700000,84.29,84.35,84.23,84.29,27558.51,2026-05-05 01:15:00
1777944600000,84.29,84.36,84.14,84.31,24162.33,2026-05-05 01:30:00
1777945500000,84.31,84.43,84.31,84.37,22972.23,2026-05-05 01:45:00
1777946400000,84.36,84.59,84.3,84.55,55108.52,2026-05-05 02:00:00
1777947300000,84.55,84.64,84.47,84.49,35601.22,2026-05-05 02:15:00
1777948200000,84.49,84.75,84.49,84.69,48459.6,2026-05-05 02:30:00
1777949100000,84.69,84.77,84.38,84.47,47853.75,2026-05-05 02:45:00
1777950000000,84.47,84.61,84.36,84.55,31444.62,2026-05-05 03:00:00
1777950900000,84.56,84.72,84.51,84.68,43925.24,2026-05-05 03:15:00
1777951800000,84.67,84.94,84.62,84.78,77678.97,2026-05-05 03:30:00
1777952700000,84.78,84.83,84.68,84.73,36409.49,2026-05-05 03:45:00
1777953600000,84.73,84.86,84.64,84.66,41531.35,2026-05-05 04:00:00
1777954500000,84.66,84.86,84.56,84.64,165332.32,2026-05-05 04:15:00
1777955400000,84.65,84.68,84.56,84.62,31916.04,2026-05-05 04:30:00
1777956300000,84.62,84.85,84.56,84.75,36155.46,2026-05-05 04:45:00
1777957200000,84.74,84.9,84.68,84.79,46769.61,2026-05-05 05:00:00
1777958100000,84.8,84.99,84.8,84.91,49083.23,2026-05-05 05:15:00
1777959000000,84.92,85.13,84.86,84.9,101515.7,2026-05-05 05:30:00
1777959900000,84.91,85.06,84.81,84.89,96839.76,2026-05-05 05:45:00
1777960800000,84.9,84.95,84.73,84.79,30041.93,2026-05-05 06:00:00
1777961700000,84.79,84.8,84.54,84.6,52363.2,2026-05-05 06:15:00
1777962600000,84.59,84.71,84.51,84.57,55252.26,2026-05-05 06:30:00
1777963500000,84.56,84.97,84.51,84.95,121483.97,2026-05-05 06:45:00
1777964400000,84.95,85.0,84.74,84.88,153353.8,2026-05-05 07:00:00
1777965300000,84.88,84.99,84.83,84.91,23148.72,2026-05-05 07:15:00
1777966200000,84.91,85.04,84.89,84.94,39972.25,2026-05-05 07:30:00
1777967100000,84.94,84.97,84.8,84.83,35284.84,2026-05-05 07:45:00
1777968000000,84.84,84.87,84.81,84.83,24576.72,2026-05-05 08:00:00
1777968900000,84.84,84.87,84.7,84.76,32028.26,2026-05-05 08:15:00
1777969800000,84.76,84.82,84.65,84.67,38016.96,2026-05-05 08:30:00
1777970700000,84.68,84.77,84.67,84.75,13762.05,2026-05-05 08:45:00
1777971600000,84.75,84.76,84.55,84.55,42167.96,2026-05-05 09:00:00
1777972500000,84.56,84.62,84.46,84.53,47043.35,2026-05-05 09:15:00
1777973400000,84.54,84.62,84.41,84.48,37914.94,2026-05-05 09:30:00
1777974300000,84.49,84.54,84.44,84.5,23645.03,2026-05-05 09:45:00
1777975200000,84.5,84.63,84.4,84.56,42606.44,2026-05-05 10:00:00
1777976100000,84.56,84.79,84.56,84.74,46619.88,2026-05-05 10:15:00
1777977000000,84.75,84.9,84.73,84.8,45790.28,2026-05-05 10:30:00
1777977900000,84.81,84.87,84.72,84.87,30175.92,2026-05-05 10:45:00
1777978800000,84.86,84.89,84.78,84.85,37776.78,2026-05-05 11:00:00
1777979700000,84.85,84.86,84.66,84.81,35638.59,2026-05-05 11:15:00
1777980600000,84.81,84.93,84.77,84.9,39883.09,2026-05-05 11:30:00
1777981500000,84.9,84.96,84.79,84.94,28359.1,2026-05-05 11:45:00
1777982400000,84.93,85.06,84.86,85.05,50448.73,2026-05-05 12:00:00
1777983300000,85.05,85.22,84.99,85.18,87330.59,2026-05-05 12:15:00
1777984200000,85.18,85.3,85.1,85.19,65837.49,2026-05-05 12:30:00
1777985100000,85.19,85.33,85.19,85.27,120000.7,2026-05-05 12:45:00
1777986000000,85.27,86.06,85.27,85.85,366841.87,2026-05-05 13:00:00
1777986900000,85.85,85.94,85.63,85.67,141939.64,2026-05-05 13:15:00
1777987800000,85.67,85.75,85.36,85.51,144781.14,2026-05-05 13:30:00
1777988700000,85.51,85.94,85.39,85.59,110087.12,2026-05-05 13:45:00
1777989600000,85.59,85.73,85.32,85.36,215307.12,2026-05-05 14:00:00
1777990500000,85.36,85.6,85.14,85.55,281195.68,2026-05-05 14:15:00
1777991400000,85.54,85.69,85.19,85.32,85161.7,2026-05-05 14:30:00
1777992300000,85.31,85.45,85.15,85.44,67204.53,2026-05-05 14:45:00
1777993200000,85.45,85.86,85.31,85.69,66419.34,2026-05-05 15:00:00
1777994100000,85.69,85.83,85.58,85.66,161690.27,2026-05-05 15:15:00
1777995000000,85.67,85.76,85.5,85.58,49789.83,2026-05-05 15:30:00
1777995900000,85.58,85.62,85.44,85.47,54252.09,2026-05-05 15:45:00
1777996800000,85.48,85.66,85.48,85.55,57538.41,2026-05-05 16:00:00
1777997700000,85.55,85.66,85.32,85.42,38821.68,2026-05-05 16:15:00
1777998600000,85.43,85.43,85.0,85.09,141997.45,2026-05-05 16:30:00
1777999500000,85.1,85.33,85.07,85.28,43651.22,2026-05-05 16:45:00
1778000400000,85.28,85.37,85.08,85.25,41151.3,2026-05-05 17:00:00
1778001300000,85.26,85.51,85.24,85.39,47560.94,2026-05-05 17:15:00
1778002200000,85.38,85.4,85.29,85.39,27868.08,2026-05-05 17:30:00
1778003100000,85.38,85.48,85.34,85.44,24244.85,2026-05-05 17:45:00
1778004000000,85.44,85.8,85.4,85.78,98180.92,2026-05-05 18:00:00
1778004900000,85.78,85.79,85.58,85.67,34545.47,2026-05-05 18:15:00
1778005800000,85.67,85.7,85.57,85.69,28067.74,2026-05-05 18:30:00
1778006700000,85.7,85.86,85.69,85.85,47982.19,2026-05-05 18:45:00
1778007600000,85.85,85.93,85.79,85.89,40623.47,2026-05-05 19:00:00
1778008500000,85.88,86.37,85.88,86.22,176568.84,2026-05-05 19:15:00
1778009400000,86.22,86.5,86.15,86.48,105523.69,2026-05-05 19:30:00
1778010300000,86.47,86.54,86.29,86.47,79464.12,2026-05-05 19:45:00
1778011200000,86.47,86.74,86.37,86.71,163035.11,2026-05-05 20:00:00
1778012100000,86.7,86.74,86.52,86.59,77041.17,2026-05-05 20:15:00
1778013000000,86.58,86.89,86.58,86.73,87092.27,2026-05-05 20:30:00
1778013900000,86.73,86.75,86.54,86.61,47184.51,2026-05-05 20:45:00
1778014800000,86.61,86.92,86.54,86.58,76479.04,2026-05-05 21:00:00
1778015700000,86.58,86.69,86.41,86.55,100985.43,2026-05-05 21:15:00
1778016600000,86.55,86.57,86.21,86.38,82135.7,2026-05-05 21:30:00
1778017500000,86.37,86.7,86.33,86.69,59513.52,2026-05-05 21:45:00
1778018400000,86.7,86.96,86.55,86.62,68274.43,2026-05-05 22:00:00
1778019300000,86.62,86.92,86.52,86.77,30206.52,2026-05-05 22:15:00
1778020200000,86.78,86.79,86.16,86.35,118014.72,2026-05-05 22:30:00
1778021100000,86.35,86.79,86.24,86.53,111690.04,2026-05-05 22:45:00
1778022000000,86.53,86.64,86.37,86.64,33885.69,2026-05-05 23:00:00
1778022900000,86.64,86.64,86.27,86.28,33387.8,2026-05-05 23:15:00
1778023800000,86.27,86.37,86.12,86.31,102139.97,2026-05-05 23:30:00
1778024700000,86.31,86.4,86.24,86.24,41294.27,2026-05-05 23:45:00
1778025600000,86.24,86.39,86.23,86.26,67814.62,2026-05-06 00:00:00
1778026500000,86.26,86.46,86.06,86.12,97223.46,2026-05-06 00:15:00
1778027400000,86.12,86.39,86.08,86.33,54742.53,2026-05-06 00:30:00
1778028300000,86.33,86.51,86.11,86.34,65431.24,2026-05-06 00:45:00
1778029200000,86.34,86.53,86.26,86.52,35708.01,2026-05-06 01:00:00
1778030100000,86.52,86.83,86.51,86.71,113971.83,2026-05-06 01:15:00
1778031000000,86.72,86.88,86.71,86.79,40042.5,2026-05-06 01:30:00
1778031900000,86.79,87.0,86.71,86.81,88988.77,2026-05-06 01:45:00
1778032800000,86.81,86.84,86.61,86.78,82523.29,2026-05-06 02:00:00
1778033700000,86.79,86.82,86.53,86.54,61607.25,2026-05-06 02:15:00
1778034600000,86.54,86.59,86.34,86.51,41902.39,2026-05-06 02:30:00
1778035500000,86.51,86.88,86.48,86.85,50600.83,2026-05-06 02:45:00
1778036400000,86.86,87.3,86.83,86.98,180568.31,2026-05-06 03:00:00
1778037300000,86.98,87.42,86.93,87.17,93607.37,2026-05-06 03:15:00
1778038200000,87.18,87.43,87.16,87.25,63124.4,2026-05-06 03:30:00
1778039100000,87.26,87.39,87.18,87.29,72556.82,2026-05-06 03:45:00
1778040000000,87.29,87.41,87.21,87.27,75635.03,2026-05-06 04:00:00
1778040900000,87.28,87.3,87.0,87.0,43476.94,2026-05-06 04:15:00
1778041800000,87.01,87.02,86.86,86.9,54415.15,2026-05-06 04:30:00
1778042700000,86.89,86.96,86.63,86.76,110680.03,2026-05-06 04:45:00
1778043600000,86.76,86.9,86.71,86.83,41478.18,2026-05-06 05:00:00
1778044500000,86.83,87.03,86.77,87.0,37279.24,2026-05-06 05:15:00
1778045400000,87.0,87.3,86.87,87.09,195756.33,2026-05-06 05:30:00
1778046300000,87.09,87.42,87.02,87.35,84305.37,2026-05-06 05:45:00
1778047200000,87.35,87.53,87.18,87.26,103738.76,2026-05-06 06:00:00
1778048100000,87.25,87.27,87.12,87.21,34099.36,2026-05-06 06:15:00
1778049000000,87.21,87.37,87.13,87.37,33635.78,2026-05-06 06:30:00
1778049900000,87.37,87.49,87.31,87.44,62727.66,2026-05-06 06:45:00
1778050800000,87.45,87.71,87.41,87.5,109284.38,2026-05-06 07:00:00
1778051700000,87.5,87.88,87.44,87.72,116198.49,2026-05-06 07:15:00
1778052600000,87.72,87.8,87.64,87.71,54775.56,2026-05-06 07:30:00
1778053500000,87.71,87.8,87.54,87.66,62076.35,2026-05-06 07:45:00
1778054400000,87.65,87.96,87.6,87.85,107697.83,2026-05-06 08:00:00
1778055300000,87.84,87.94,87.74,87.84,95657.69,2026-05-06 08:15:00
1778056200000,87.84,88.28,87.83,88.26,189075.95,2026-05-06 08:30:00
1778057100000,88.26,89.19,88.17,88.99,450593.48,2026-05-06 08:45:00
1778058000000,88.98,89.05,88.62,88.75,173213.53,2026-05-06 09:00:00
1778058900000,88.76,88.89,88.55,88.79,143606.75,2026-05-06 09:15:00
1778059800000,88.79,89.28,88.74,89.2,239229.31,2026-05-06 09:30:00
1778060700000,89.2,89.62,89.01,89.44,206945.16,2026-05-06 09:45:00
1778061600000,89.43,89.56,89.17,89.46,119888.2,2026-05-06 10:00:00
1778062500000,89.46,89.66,89.38,89.47,116252.78,2026-05-06 10:15:00
1778063400000,89.47,89.65,89.44,89.53,70000.14,2026-05-06 10:30:00
1778064300000,89.54,89.61,89.31,89.33,87628.12,2026-05-06 10:45:00
1778065200000,89.33,89.53,89.27,89.47,64087.63,2026-05-06 11:00:00
1778066100000,89.48,90.04,89.46,89.56,231279.68,2026-05-06 11:15:00
1778067000000,89.57,89.81,89.45,89.48,107876.9,2026-05-06 11:30:00
1778067900000,89.48,89.82,89.42,89.81,71092.9,2026-05-06 11:45:00
1778068800000,89.82,89.92,89.46,89.46,116552.36,2026-05-06 12:00:00
1778069700000,89.47,89.75,89.45,89.58,88707.94,2026-05-06 12:15:00
1778070600000,89.58,89.8,89.57,89.68,50731.49,2026-05-06 12:30:00
1778071500000,89.69,89.87,89.49,89.6,106760.51,2026-05-06 12:45:00
1778072400000,89.61,89.61,88.37,88.86,444643.78,2026-05-06 13:00:00
1778073300000,88.86,89.01,88.31,88.48,203571.01,2026-05-06 13:15:00
1778074200000,88.47,88.77,88.34,88.64,191948.17,2026-05-06 13:30:00
1778075100000,88.64,88.66,88.02,88.28,222906.65,2026-05-06 13:45:00
1778076000000,88.28,88.32,87.42,88.06,435672.46,2026-05-06 14:00:00
1778076900000,88.06,88.43,87.84,88.15,232387.95,2026-05-06 14:15:00
1778077800000,88.14,88.59,88.13,88.59,107589.46,2026-05-06 14:30:00
1778078700000,88.59,88.79,88.26,88.34,104649.44,2026-05-06 14:45:00
1778079600000,88.34,88.58,88.26,88.34,79723.98,2026-05-06 15:00:00
1778080500000,88.34,88.92,88.34,88.69,99332.06,2026-05-06 15:15:00
1778081400000,88.7,88.86,88.49,88.75,74306.23,2026-05-06 15:30:00
1778082300000,88.74,89.01,88.74,88.91,62188.91,2026-05-06 15:45:00
1778083200000,88.9,89.14,88.78,89.0,80386.83,2026-05-06 16:00:00
1778084100000,89.0,89.09,88.59,88.65,92308.93,2026-05-06 16:15:00
1778085000000,88.66,89.23,88.53,89.17,76824.12,2026-05-06 16:30:00
1778085900000,89.16,89.46,89.08,89.11,95088.31,2026-05-06 16:45:00
1778086800000,89.12,89.38,89.08,89.16,53639.72,2026-05-06 17:00:00
1778087700000,89.16,89.17,88.85,88.98,72839.22,2026-05-06 17:15:00
1778088600000,88.98,89.03,88.88,88.89,52972.69,2026-05-06 17:30:00
1778089500000,88.9,88.92,88.54,88.78,127632.95,2026-05-06 17:45:00
1778090400000,88.78,88.86,88.44,88.7,75895.25,2026-05-06 18:00:00
1778091300000,88.71,88.91,88.69,88.8,47469.85,2026-05-06 18:15:00
1778092200000,88.8,88.96,88.55,88.91,56838.68,2026-05-06 18:30:00
1778093100000,88.91,89.1,88.79,88.93,59058.02,2026-05-06 18:45:00
1778094000000,88.92,89.15,88.91,88.91,27468.3,2026-05-06 19:00:00
1778094900000,88.91,89.23,88.86,89.02,29293.34,2026-05-06 19:15:00
1778095800000,89.02,89.15,88.84,89.06,23202.71,2026-05-06 19:30:00
1778096700000,89.06,89.27,89.0,89.21,34420.75,2026-05-06 19:45:00
1778097600000,89.21,89.49,89.16,89.44,53637.81,2026-05-06 20:00:00
1778098500000,89.44,89.59,89.36,89.37,62903.57,2026-05-06 20:15:00
1778099400000,89.36,89.42,88.95,88.96,96738.54,2026-05-06 20:30:00
1778100300000,88.97,89.14,88.87,89.13,28727.18,2026-05-06 20:45:00
1778101200000,89.14,89.35,89.01,89.19,52693.06,2026-05-06 21:00:00
1778102100000,89.19,89.4,89.18,89.37,45311.38,2026-05-06 21:15:00
1778103000000,89.36,89.54,89.28,89.45,32408.63,2026-05-06 21:30:00
1778103900000,89.45,89.53,89.35,89.44,29761.18,2026-05-06 21:45:00
1778104800000,89.44,89.51,89.19,89.31,58573.69,2026-05-06 22:00:00
1778105700000,89.31,89.32,89.02,89.03,40452.43,2026-05-06 22:15:00
1778106600000,89.04,89.18,89.03,89.09,25908.47,2026-05-06 22:30:00
1778107500000,89.09,89.2,88.97,89.02,25663.02,2026-05-06 22:45:00
1778108400000,89.03,89.06,88.61,88.91,95580.85,2026-05-06 23:00:00
1778109300000,88.91,89.12,88.91,89.1,35558.72,2026-05-06 23:15:00
1778110200000,89.11,89.12,88.95,89.05,19853.52,2026-05-06 23:30:00
1778111100000,89.06,89.14,88.97,89.11,25928.82,2026-05-06 23:45:00
1778112000000,89.12,89.22,88.94,88.96,60644.43,2026-05-07 00:00:00
1778112900000,88.97,88.97,88.6,88.61,77766.14,2026-05-07 00:15:00
1778113800000,88.6,88.64,88.18,88.27,143392.1,2026-05-07 00:30:00
1778114700000,88.27,88.5,88.15,88.28,146171.61,2026-05-07 00:45:00
1778115600000,88.28,88.36,87.82,88.33,179399.51,2026-05-07 01:00:00
1778116500000,88.33,88.36,87.86,88.35,99260.62,2026-05-07 01:15:00
1778117400000,88.35,88.47,88.19,88.29,56246.61,2026-05-07 01:30:00
1778118300000,88.3,88.31,88.03,88.26,108380.76,2026-05-07 01:45:00
1778119200000,88.27,88.34,87.91,87.93,77124.83,2026-05-07 02:00:00
1778120100000,87.94,88.05,87.83,87.88,89623.05,2026-05-07 02:15:00
1778121000000,87.89,88.04,87.75,87.9,84025.51,2026-05-07 02:30:00
1778121900000,87.91,88.18,87.88,88.1,49263.32,2026-05-07 02:45:00
1778122800000,88.1,88.1,87.89,87.92,38955.19,2026-05-07 03:00:00
1778123700000,87.92,88.02,87.6,87.85,158809.47,2026-05-07 03:15:00
1778124600000,87.84,87.93,87.64,87.93,65737.6,2026-05-07 03:30:00
1778125500000,87.94,88.0,87.7,87.71,45822.28,2026-05-07 03:45:00
1778126400000,87.71,87.99,87.65,87.96,43913.5,2026-05-07 04:00:00
1778127300000,87.95,88.17,87.92,88.07,57409.37,2026-05-07 04:15:00
1778128200000,88.08,88.19,87.94,87.94,63801.86,2026-05-07 04:30:00
1778129100000,87.94,88.33,87.94,88.32,64936.23,2026-05-07 04:45:00
1778130000000,88.32,88.87,88.3,88.52,151005.59,2026-05-07 05:00:00
1778130900000,88.52,88.62,88.39,88.55,79586.37,2026-05-07 05:15:00
1778131800000,88.56,88.64,88.42,88.42,59840.85,2026-05-07 05:30:00
1778132700000,88.43,88.62,88.31,88.62,111317.73,2026-05-07 05:45:00
1778133600000,88.62,88.64,88.18,88.19,136355.57,2026-05-07 06:00:00
1778134500000,88.19,88.45,88.18,88.44,48488.18,2026-05-07 06:15:00
1778135400000,88.45,89.14,88.44,89.11,184734.95,2026-05-07 06:30:00
1778136300000,89.11,89.25,88.93,89.22,119245.25,2026-05-07 06:45:00
1778137200000,89.23,89.49,89.08,89.48,147288.93,2026-05-07 07:00:00
1778138100000,89.48,89.59,89.33,89.56,98613.19,2026-05-07 07:15:00
1778139000000,89.57,90.35,89.56,90.14,347579.36,2026-05-07 07:30:00
1778139900000,90.14,90.39,89.91,90.12,182561.44,2026-05-07 07:45:00
1778140800000,90.12,90.22,90.0,90.1,106184.0,2026-05-07 08:00:00
1778141700000,90.11,90.12,89.59,89.79,148759.96,2026-05-07 08:15:00
1778142600000,89.79,89.94,89.5,89.57,110593.5,2026-05-07 08:30:00
1778143500000,89.58,89.77,89.45,89.55,75903.7,2026-05-07 08:45:00
1778144400000,89.55,89.55,89.28,89.5,85805.82,2026-05-07 09:00:00
1778145300000,89.51,89.54,89.15,89.24,83371.98,2026-05-07 09:15:00
1778146200000,89.23,89.52,89.2,89.25,135941.28,2026-05-07 09:30:00
1778147100000,89.24,89.44,89.24,89.41,47459.77,2026-05-07 09:45:00
1778148000000,89.42,89.49,88.99,89.11,63218.56,2026-05-07 10:00:00
1778148900000,89.11,89.22,88.71,88.75,132300.69,2026-05-07 10:15:00
1778149800000,88.75,89.16,88.72,89.14,91149.84,2026-05-07 10:30:00
1778150700000,89.14,89.18,89.03,89.11,39946.75,2026-05-07 10:45:00
1778151600000,89.12,89.65,89.12,89.42,172554.28,2026-05-07 11:00:00
1778152500000,89.41,89.61,89.31,89.37,59429.73,2026-05-07 11:15:00
1778153400000,89.38,89.59,89.37,89.56,31091.03,2026-05-07 11:30:00
1778154300000,89.55,89.59,89.22,89.5,72505.11,2026-05-07 11:45:00
1778155200000,89.51,89.94,89.46,89.93,76456.88,2026-05-07 12:00:00
1778156100000,89.93,90.04,89.69,89.86,158196.87,2026-05-07 12:15:00
1778157000000,89.86,89.94,89.75,89.83,49053.48,2026-05-07 12:30:00
1778157900000,89.84,89.89,89.59,89.7,38917.02,2026-05-07 12:45:00
1778158800000,89.7,89.7,88.95,89.06,166289.73,2026-05-07 13:00:00
1778159700000,89.06,89.48,89.05,89.19,125470.57,2026-05-07 13:15:00
1778160600000,89.19,89.2,88.85,88.86,122206.39,2026-05-07 13:30:00
1778161500000,88.87,88.96,88.31,88.6,289390.6,2026-05-07 13:45:00
1778162400000,88.6,88.86,88.41,88.83,121085.25,2026-05-07 14:00:00
1778163300000,88.83,88.83,88.37,88.44,130083.88,2026-05-07 14:15:00
1778164200000,88.44,88.5,87.78,87.96,365285.27,2026-05-07 14:30:00
1778165100000,87.95,88.27,87.9,88.11,202194.65,2026-05-07 14:45:00
1778166000000,88.11,88.44,88.01,88.29,106590.37,2026-05-07 15:00:00
1778166900000,88.29,88.47,87.74,88.01,203989.93,2026-05-07 15:15:00
1778167800000,88.02,88.44,87.96,88.36,91658.41,2026-05-07 15:30:00
1778168700000,88.35,88.53,88.18,88.26,89937.64,2026-05-07 15:45:00
1778169600000,88.26,88.45,88.08,88.31,131809.49,2026-05-07 16:00:00
1778170500000,88.3,88.7,88.04,88.64,156969.8,2026-05-07 16:15:00
1778171400000,88.65,88.74,88.3,88.48,72422.17,2026-05-07 16:30:00
1778172300000,88.49,88.71,88.25,88.39,66946.56,2026-05-07 16:45:00
1778173200000,88.39,88.58,88.28,88.53,41648.3,2026-05-07 17:00:00
1778174100000,88.52,88.56,87.9,88.11,151098.8,2026-05-07 17:15:00
1778175000000,88.12,88.52,88.08,88.43,72445.06,2026-05-07 17:30:00
1778175900000,88.44,88.82,88.32,88.75,86359.4,2026-05-07 17:45:00
1778176800000,88.76,88.94,88.65,88.77,60013.27,2026-05-07 18:00:00
1778177700000,88.77,88.91,88.73,88.81,33813.65,2026-05-07 18:15:00
1778178600000,88.82,89.04,88.51,88.58,97073.2,2026-05-07 18:30:00
1778179500000,88.59,88.67,88.18,88.54,116285.94,2026-05-07 18:45:00
1778180400000,88.53,88.57,88.27,88.5,54078.09,2026-05-07 19:00:00
1778181300000,88.5,88.54,88.16,88.24,27769.92,2026-05-07 19:15:00
1778182200000,88.25,88.68,88.24,88.49,27292.49,2026-05-07 19:30:00
1778183100000,88.5,88.69,88.25,88.4,74267.92,2026-05-07 19:45:00
1778184000000,88.4,88.82,88.32,88.48,64161.93,2026-05-07 20:00:00
1778184900000,88.48,88.54,88.38,88.52,18551.57,2026-05-07 20:15:00
1778185800000,88.52,88.52,88.11,88.18,69841.25,2026-05-07 20:30:00
1778186700000,88.18,88.23,87.99,88.01,43519.53,2026-05-07 20:45:00
1778187600000,88.01,88.09,87.61,87.83,151852.25,2026-05-07 21:00:00
1778188500000,87.83,88.12,87.72,88.11,51919.67,2026-05-07 21:15:00
1778189400000,88.11,88.18,87.94,87.94,29178.56,2026-05-07 21:30:00
1778190300000,87.94,88.06,87.91,87.93,34276.99,2026-05-07 21:45:00
1778191200000,87.93,87.97,87.64,87.91,108197.75,2026-05-07 22:00:00
1778192100000,87.91,88.18,87.88,87.97,44668.34,2026-05-07 22:15:00
1778193000000,87.98,88.1,87.76,87.83,65721.13,2026-05-07 22:30:00
1778193900000,87.83,88.13,87.83,88.04,30701.94,2026-05-07 22:45:00
1778194800000,88.05,88.26,88.01,88.17,46381.68,2026-05-07 23:00:00
1778195700000,88.18,88.32,88.05,88.2,26170.98,2026-05-07 23:15:00
1778196600000,88.21,88.35,88.15,88.35,30329.02,2026-05-07 23:30:00
1778197500000,88.34,88.45,88.33,88.39,25677.02,2026-05-07 23:45:00
1778198400000,88.4,88.61,88.36,88.53,60403.28,2026-05-08 00:00:00
1778199300000,88.54,88.58,88.33,88.38,64743.15,2026-05-08 00:15:00
1778200200000,88.38,88.42,88.25,88.27,24109.8,2026-05-08 00:30:00
1778201100000,88.28,88.28,88.06,88.23,109934.69,2026-05-08 00:45:00
1778202000000,88.23,88.33,87.94,87.97,33135.17,2026-05-08 01:00:00
1778202900000,87.98,88.16,87.87,88.15,41938.08,2026-05-08 01:15:00
1778203800000,88.16,88.25,88.1,88.16,21180.3,2026-05-08 01:30:00
1778204700000,88.16,88.21,88.09,88.09,18545.53,2026-05-08 01:45:00
1778205600000,88.1,88.13,87.74,87.9,65189.64,2026-05-08 02:00:00
1778206500000,87.9,87.9,87.56,87.87,205409.88,2026-05-08 02:15:00
1778207400000,87.86,88.31,87.82,88.07,78667.55,2026-05-08 02:30:00
1778208300000,88.08,88.23,87.95,88.02,36740.05,2026-05-08 02:45:00
1778209200000,88.02,88.03,87.57,87.95,84807.78,2026-05-08 03:00:00
1778210100000,87.94,88.23,87.94,88.15,42236.63,2026-05-08 03:15:00
1778211000000,88.15,88.33,88.15,88.25,43636.67,2026-05-08 03:30:00
1778211900000,88.24,88.28,88.13,88.18,29322.56,2026-05-08 03:45:00
1778212800000,88.17,88.29,88.16,88.29,20094.95,2026-05-08 04:00:00
1778213700000,88.29,88.33,88.2,88.28,34187.54,2026-05-08 04:15:00
1778214600000,88.28,88.28,87.96,88.07,104948.7,2026-05-08 04:30:00
1778215500000,88.08,88.19,88.03,88.12,18685.4,2026-05-08 04:45:00
1778216400000,88.12,88.25,88.03,88.16,27624.63,2026-05-08 05:00:00
1778217300000,88.15,88.32,88.07,88.22,42592.2,2026-05-08 05:15:00
1778218200000,88.22,88.36,88.21,88.32,30004.97,2026-05-08 05:30:00
1778219100000,88.31,88.37,87.99,87.99,43719.39,2026-05-08 05:45:00
1778220000000,87.99,88.1,87.77,88.05,127649.07,2026-05-08 06:00:00
1778220900000,88.05,88.24,87.99,87.99,101449.98,2026-05-08 06:15:00
1778221800000,88.0,88.07,87.76,87.98,81947.09,2026-05-08 06:30:00
1778222700000,87.99,88.02,87.86,88.0,35199.52,2026-05-08 06:45:00
1778223600000,87.99,87.99,87.7,87.74,46329.31,2026-05-08 07:00:00
1778224500000,87.73,87.84,87.59,87.78,153054.77,2026-05-08 07:15:00
1778225400000,87.78,88.07,87.76,88.03,60540.06,2026-05-08 07:30:00
1778226300000,88.02,88.19,88.0,88.18,65542.96,2026-05-08 07:45:00
1778227200000,88.18,88.3,88.13,88.17,177766.22,2026-05-08 08:00:00
1778228100000,88.18,88.25,87.96,88.18,160424.36,2026-05-08 08:15:00
1778229000000,88.18,88.48,88.12,88.41,119067.75,2026-05-08 08:30:00
1778229900000,88.42,88.58,88.3,88.32,131542.85,2026-05-08 08:45:00
1778230800000,88.32,88.51,88.16,88.51,73667.19,2026-05-08 09:00:00
1778231700000,88.5,88.7,88.47,88.51,100957.07,2026-05-08 09:15:00
1778232600000,88.51,88.58,88.4,88.4,53421.24,2026-05-08 09:30:00
1778233500000,88.41,88.42,88.25,88.37,58234.21,2026-05-08 09:45:00
1778234400000,88.37,88.54,88.22,88.34,52790.47,2026-05-08 10:00:00
1778235300000,88.34,88.46,88.3,88.4,13912.02,2026-05-08 10:15:00
1778236200000,88.41,88.66,88.4,88.62,44937.6,2026-05-08 10:30:00
1778237100000,88.62,88.72,88.56,88.57,91364.55,2026-05-08 10:45:00
1778238000000,88.58,88.68,88.42,88.53,94197.67,2026-05-08 11:00:00
1778238900000,88.53,88.67,88.49,88.59,26991.0,2026-05-08 11:15:00
1778239800000,88.59,88.64,88.44,88.46,41220.09,2026-05-08 11:30:00
1778240700000,88.46,88.64,88.46,88.59,23662.38,2026-05-08 11:45:00
1778241600000,88.6,88.65,88.44,88.55,46806.46,2026-05-08 12:00:00
1778242500000,88.54,88.69,88.45,88.65,34401.4,2026-05-08 12:15:00
1778243400000,88.65,88.82,88.41,88.67,94292.36,2026-05-08 12:30:00
1778244300000,88.66,88.68,88.3,88.4,83351.15,2026-05-08 12:45:00
1778245200000,88.4,88.53,88.1,88.22,134574.57,2026-05-08 13:00:00
1778246100000,88.23,88.45,88.22,88.25,47588.93,2026-05-08 13:15:00
1778247000000,88.25,88.47,87.95,88.05,94427.64,2026-05-08 13:30:00
1778247900000,88.05,88.38,88.04,88.27,55510.1,2026-05-08 13:45:00
1778248800000,88.28,88.82,88.28,88.78,141767.2,2026-05-08 14:00:00
1778249700000,88.78,89.36,88.73,89.0,290089.3,2026-05-08 14:15:00
1778250600000,89.0,89.19,88.56,89.16,192997.42,2026-05-08 14:30:00
1778251500000,89.16,89.19,88.95,89.1,94827.29,2026-05-08 14:45:00
1778252400000,89.1,89.24,88.77,88.84,117851.48,2026-05-08 15:00:00
1778253300000,88.85,88.86,88.36,88.54,151599.86,2026-05-08 15:15:00
1778254200000,88.53,89.25,88.4,89.1,119176.39,2026-05-08 15:30:00
1778255100000,89.11,89.56,89.07,89.55,133181.0,2026-05-08 15:45:00
1778256000000,89.55,89.59,89.3,89.42,108386.56,2026-05-08 16:00:00
1778256900000,89.42,89.74,89.33,89.54,118014.95,2026-05-08 16:15:00
1778257800000,89.54,89.69,89.4,89.68,128913.2,2026-05-08 16:30:00
1778258700000,89.67,89.72,89.45,89.54,68888.04,2026-05-08 16:45:00
1778259600000,89.53,89.81,89.52,89.73,92725.79,2026-05-08 17:00:00
1778260500000,89.73,90.32,89.7,90.28,235154.33,2026-05-08 17:15:00
1778261400000,90.27,91.94,90.27,91.47,1088006.06,2026-05-08 17:30:00
1778262300000,91.47,91.82,91.38,91.62,240680.01,2026-05-08 17:45:00
1778263200000,91.63,92.03,91.6,91.85,213808.28,2026-05-08 18:00:00
1778264100000,91.85,92.36,91.72,92.25,243611.02,2026-05-08 18:15:00
1778265000000,92.24,92.53,92.21,92.28,233887.22,2026-05-08 18:30:00
1778265900000,92.27,92.5,92.21,92.27,133911.31,2026-05-08 18:45:00
1778266800000,92.28,92.42,92.0,92.36,151346.27,2026-05-08 19:00:00
1778267700000,92.36,92.73,92.36,92.7,221527.38,2026-05-08 19:15:00
1778268600000,92.69,92.76,92.36,92.42,180388.91,2026-05-08 19:30:00
1778269500000,92.42,92.57,92.37,92.55,65848.56,2026-05-08 19:45:00
1778270400000,92.55,92.61,92.17,92.36,115638.85,2026-05-08 20:00:00
1778271300000,92.36,92.45,92.16,92.44,87072.93,2026-05-08 20:15:00
1778272200000,92.44,92.45,92.18,92.29,62453.89,2026-05-08 20:30:00
1778273100000,92.3,92.33,91.97,92.06,74665.64,2026-05-08 20:45:00
1778274000000,92.05,92.19,91.68,91.86,113472.17,2026-05-08 21:00:00
1778274900000,91.86,92.08,91.83,91.88,56410.66,2026-05-08 21:15:00
1778275800000,91.88,92.35,91.88,92.32,71482.36,2026-05-08 21:30:00
1778276700000,92.33,92.34,92.2,92.25,52392.26,2026-05-08 21:45:00
1778277600000,92.25,92.59,92.22,92.58,75485.2,2026-05-08 22:00:00
1778278500000,92.59,92.66,92.35,92.37,39906.77,2026-05-08 22:15:00
1778279400000,92.38,92.44,92.28,92.32,21520.1,2026-05-08 22:30:00
1778280300000,92.32,92.4,92.2,92.25,33578.22,2026-05-08 22:45:00
1778281200000,92.25,92.25,91.98,91.98,50060.56,2026-05-08 23:00:00
1778282100000,91.99,92.07,91.88,91.9,44971.73,2026-05-08 23:15:00
1778283000000,91.89,91.93,91.7,91.76,92950.86,2026-05-08 23:30:00
1778283900000,91.77,91.98,91.74,91.96,54346.89,2026-05-08 23:45:00
1778284800000,91.96,92.05,91.8,92.03,61346.66,2026-05-09 00:00:00
1778285700000,92.03,92.36,92.02,92.31,73302.73,2026-05-09 00:15:00
1778286600000,92.32,92.5,92.27,92.32,82386.49,2026-05-09 00:30:00
1778287500000,92.33,92.56,92.32,92.42,63700.48,2026-05-09 00:45:00
1778288400000,92.42,92.66,92.37,92.62,53218.88,2026-05-09 01:00:00
1778289300000,92.63,92.65,92.4,92.41,38840.47,2026-05-09 01:15:00
1778290200000,92.42,93.27,92.41,93.14,271112.19,2026-05-09 01:30:00
1778291100000,93.14,93.8,92.95,93.42,465995.51,2026-05-09 01:45:00
1778292000000,93.43,93.74,93.18,93.52,167050.63,2026-05-09 02:00:00
1778292900000,93.51,93.58,93.28,93.38,62599.42,2026-05-09 02:15:00
1778293800000,93.37,93.58,93.34,93.41,64318.35,2026-05-09 02:30:00
1778294700000,93.41,93.44,93.24,93.44,57175.51,2026-05-09 02:45:00
1778295600000,93.43,93.64,93.34,93.5,61603.26,2026-05-09 03:00:00
1778296500000,93.5,93.69,93.5,93.59,55583.53,2026-05-09 03:15:00
1778297400000,93.59,93.59,93.34,93.46,62666.98,2026-05-09 03:30:00
1778298300000,93.46,93.65,93.41,93.57,55458.99,2026-05-09 03:45:00
1778299200000,93.57,94.12,93.57,93.87,222997.56,2026-05-09 04:00:00
1778300100000,93.88,93.88,93.45,93.57,80293.37,2026-05-09 04:15:00
1778301000000,93.56,93.67,93.35,93.38,75349.99,2026-05-09 04:30:00
1778301900000,93.39,93.56,93.04,93.16,169629.0,2026-05-09 04:45:00
1778302800000,93.16,93.18,92.77,93.06,263801.61,2026-05-09 05:00:00
1778303700000,93.06,93.48,93.06,93.44,75916.37,2026-05-09 05:15:00
1778304600000,93.44,93.66,93.39,93.63,63774.49,2026-05-09 05:30:00
1778305500000,93.64,93.74,93.55,93.68,73883.58,2026-05-09 05:45:00
1778306400000,93.69,94.07,93.65,93.83,182289.48,2026-05-09 06:00:00
1778307300000,93.82,93.83,93.44,93.49,108480.67,2026-05-09 06:15:00
1778308200000,93.5,93.57,93.15,93.36,168178.83,2026-05-09 06:30:00
1778309100000,93.37,93.52,93.3,93.47,56983.65,2026-05-09 06:45:00
1778310000000,93.47,93.62,93.29,93.42,69054.77,2026-05-09 07:00:00
1778310900000,93.43,93.75,93.42,93.61,58993.11,2026-05-09 07:15:00
1778311800000,93.62,93.95,93.58,93.67,155535.07,2026-05-09 07:30:00
1778312700000,93.66,93.76,93.59,93.68,41734.66,2026-05-09 07:45:00
1778313600000,93.68,93.79,93.6,93.77,76473.31,2026-05-09 08:00:00
1778314500000,93.76,93.84,93.69,93.78,45784.86,2026-05-09 08:15:00
1778315400000,93.79,93.89,93.66,93.68,43898.16,2026-05-09 08:30:00
1778316300000,93.68,93.75,93.62,93.63,27563.1,2026-05-09 08:45:00
1778317200000,93.64,93.64,93.44,93.44,37527.13,2026-05-09 09:00:00
1778318100000,93.44,93.45,92.99,93.39,224225.88,2026-05-09 09:15:00
1778319000000,93.38,93.4,93.16,93.26,52537.15,2026-05-09 09:30:00
1778319900000,93.25,93.34,93.12,93.24,65152.2,2026-05-09 09:45:00
1778320800000,93.24,93.24,93.05,93.22,71996.31,2026-05-09 10:00:00
1778321700000,93.22,93.46,93.2,93.3,63401.19,2026-05-09 10:15:00
1778322600000,93.3,93.54,93.28,93.44,50110.27,2026-05-09 10:30:00
1778323500000,93.44,93.45,93.3,93.33,17595.26,2026-05-09 10:45:00
1778324400000,93.33,93.5,93.27,93.46,29850.42,2026-05-09 11:00:00
1778325300000,93.47,93.62,93.42,93.61,32446.92,2026-05-09 11:15:00
1778326200000,93.6,93.62,93.51,93.52,21126.16,2026-05-09 11:30:00
1778327100000,93.52,93.63,93.47,93.55,40498.08,2026-05-09 11:45:00
1778328000000,93.55,93.68,93.4,93.45,27965.07,2026-05-09 12:00:00
1778328900000,93.45,93.64,93.31,93.55,39952.64,2026-05-09 12:15:00
1778329800000,93.54,93.54,93.2,93.28,50886.58,2026-05-09 12:30:00
1778330700000,93.28,93.43,93.25,93.38,33898.65,2026-05-09 12:45:00
1778331600000,93.38,93.41,93.18,93.33,30934.94,2026-05-09 13:00:00
1778332500000,93.33,93.37,93.05,93.18,57082.11,2026-05-09 13:15:00
1778333400000,93.18,93.23,92.95,93.23,87371.8,2026-05-09 13:30:00
1778334300000,93.23,93.41,93.2,93.41,44434.05,2026-05-09 13:45:00
1778335200000,93.4,93.41,93.13,93.19,45673.69,2026-05-09 14:00:00
1778336100000,93.19,93.23,92.86,92.97,105686.56,2026-05-09 14:15:00
1778337000000,92.97,93.08,92.93,92.98,71982.16,2026-05-09 14:30:00
1778337900000,92.98,93.06,92.73,92.82,146337.44,2026-05-09 14:45:00
1778338800000,92.82,92.92,92.33,92.5,197555.63,2026-05-09 15:00:00
1778339700000,92.5,92.83,92.5,92.79,89327.95,2026-05-09 15:15:00
1778340600000,92.79,92.93,92.65,92.67,114994.75,2026-05-09 15:30:00
1778341500000,92.67,92.96,92.66,92.95,61244.97,2026-05-09 15:45:00
1778342400000,92.95,93.04,92.79,93.02,178620.56,2026-05-09 16:00:00
1778343300000,93.02,93.26,92.88,92.88,144593.83,2026-05-09 16:15:00
1778344200000,92.88,92.9,92.63,92.69,77069.57,2026-05-09 16:30:00
1778345100000,92.69,92.86,92.64,92.72,94473.02,2026-05-09 16:45:00
1778346000000,92.72,93.07,92.72,92.96,91345.46,2026-05-09 17:00:00
1778346900000,92.95,93.19,92.9,93.17,51360.16,2026-05-09 17:15:00
1778347800000,93.17,93.48,93.15,93.32,95739.5,2026-05-09 17:30:00
1778348700000,93.33,93.35,93.07,93.16,51107.83,2026-05-09 17:45:00
1778349600000,93.16,93.28,93.1,93.16,28298.9,2026-05-09 18:00:00
1778350500000,93.16,93.6,93.13,93.51,73023.07,2026-05-09 18:15:00
1778351400000,93.52,93.55,93.28,93.32,39159.49,2026-05-09 18:30:00
1778352300000,93.33,93.34,93.23,93.32,20935.48,2026-05-09 18:45:00
1778353200000,93.32,93.37,93.21,93.31,20454.61,2026-05-09 19:00:00
1778354100000,93.31,93.31,93.17,93.3,21050.42,2026-05-09 19:15:00
1778355000000,93.29,93.43,93.26,93.39,34243.11,2026-05-09 19:30:00
1778355900000,93.38,93.53,93.33,93.46,28145.9,2026-05-09 19:45:00
1778356800000,93.46,93.47,93.27,93.27,13887.24,2026-05-09 20:00:00
1778357700000,93.27,93.27,93.16,93.23,18977.8,2026-05-09 20:15:00
1778358600000,93.24,93.25,93.09,93.2,20373.78,2026-05-09 20:30:00
1778359500000,93.19,93.25,93.13,93.2,8308.02,2026-05-09 20:45:00
1778360400000,93.2,93.37,93.19,93.3,21930.21,2026-05-09 21:00:00
1778361300000,93.3,93.39,93.19,93.31,16722.89,2026-05-09 21:15:00
1778362200000,93.3,93.4,93.23,93.37,10930.02,2026-05-09 21:30:00
1778363100000,93.36,93.49,93.3,93.42,18107.55,2026-05-09 21:45:00
1778364000000,93.43,93.46,93.28,93.32,23245.4,2026-05-09 22:00:00
1778364900000,93.31,93.39,93.24,93.34,13266.86,2026-05-09 22:15:00
1778365800000,93.33,93.44,93.15,93.41,17642.23,2026-05-09 22:30:00
1778366700000,93.41,93.42,93.22,93.27,8928.47,2026-05-09 22:45:00
1778367600000,93.27,93.43,93.2,93.22,24235.75,2026-05-09 23:00:00
1778368500000,93.23,93.25,93.08,93.1,21295.52,2026-05-09 23:15:00
1778369400000,93.1,93.13,93.0,93.0,49814.21,2026-05-09 23:30:00
1778370300000,93.01,93.15,93.0,93.06,33100.68,2026-05-09 23:45:00
1778371200000,93.06,93.15,92.86,93.12,68445.61,2026-05-10 00:00:00
1778372100000,93.12,93.29,93.08,93.13,35726.43,2026-05-10 00:15:00
1778373000000,93.12,93.12,92.95,92.99,46927.95,2026-05-10 00:30:00
1778373900000,92.99,93.03,92.89,92.97,35380.58,2026-05-10 00:45:00
1778374800000,92.98,92.98,92.78,92.79,51586.31,2026-05-10 01:00:00
1778375700000,92.8,92.87,92.53,92.57,88635.11,2026-05-10 01:15:00
1778376600000,92.58,92.79,92.57,92.73,51677.32,2026-05-10 01:30:00
1778377500000,92.72,92.94,92.72,92.91,41860.29,2026-05-10 01:45:00
1778378400000,92.9,92.92,92.75,92.83,30960.86,2026-05-10 02:00:00
1778379300000,92.84,93.06,92.82,93.01,51527.87,2026-05-10 02:15:00
1778380200000,93.0,93.03,92.84,92.89,24294.16,2026-05-10 02:30:00
1778381100000,92.9,93.04,92.77,92.99,127068.48,2026-05-10 02:45:00
1778382000000,93.0,93.15,92.96,93.11,52910.17,2026-05-10 03:00:00
1778382900000,93.12,93.2,92.96,93.09,87985.79,2026-05-10 03:15:00
1778383800000,93.09,93.44,92.99,93.33,74167.53,2026-05-10 03:30:00
1778384700000,93.33,93.42,93.31,93.34,43489.12,2026-05-10 03:45:00
1778385600000,93.35,93.4,93.21,93.27,49178.63,2026-05-10 04:00:00
1778386500000,93.27,93.42,93.14,93.27,61971.62,2026-05-10 04:15:00
1778387400000,93.28,93.48,93.27,93.31,54658.08,2026-05-10 04:30:00
1778388300000,93.31,93.38,93.24,93.29,18740.23,2026-05-10 04:45:00
1778389200000,93.28,93.29,93.18,93.27,17859.56,2026-05-10 05:00:00
1778390100000,93.27,93.44,93.25,93.38,23344.27,2026-05-10 05:15:00
1778391000000,93.38,93.44,93.32,93.35,14796.68,2026-05-10 05:30:00
1778391900000,93.35,93.39,93.25,93.26,31751.13,2026-05-10 05:45:00
1778392800000,93.27,93.38,93.22,93.29,20255.21,2026-05-10 06:00:00
1778393700000,93.3,93.33,93.19,93.22,20803.67,2026-05-10 06:15:00
1778394600000,93.22,93.37,93.21,93.31,32530.5,2026-05-10 06:30:00
1778395500000,93.32,93.42,93.31,93.35,40436.56,2026-05-10 06:45:00
1778396400000,93.36,93.59,93.33,93.33,67016.69,2026-05-10 07:00:00
1778397300000,93.34,93.54,93.32,93.49,33327.69,2026-05-10 07:15:00
1778398200000,93.48,93.57,93.41,93.47,32202.99,2026-05-10 07:30:00
1778399100000,93.47,93.54,93.38,93.39,27594.07,2026-05-10 07:45:00
1778400000000,93.39,94.03,93.35,93.69,198467.45,2026-05-10 08:00:00
1778400900000,93.69,94.0,93.62,93.84,116033.23,2026-05-10 08:15:00
1778401800000,93.85,93.98,93.78,93.83,99138.16,2026-05-10 08:30:00
1778402700000,93.83,94.0,93.81,93.99,67771.29,2026-05-10 08:45:00
1778403600000,93.99,94.82,93.99,94.42,518808.23,2026-05-10 09:00:00
1778404500000,94.41,94.5,94.3,94.46,92966.87,2026-05-10 09:15:00
1778405400000,94.46,94.58,94.17,94.24,145613.38,2026-05-10 09:30:00
1778406300000,94.25,94.4,94.19,94.26,73762.44,2026-05-10 09:45:00
1778407200000,94.26,94.33,93.73,93.77,228067.48,2026-05-10 10:00:00
1778408100000,93.77,93.81,93.56,93.78,208859.89,2026-05-10 10:15:00
1778409000000,93.79,93.85,93.67,93.73,55216.91,2026-05-10 10:30:00
1778409900000,93.72,93.88,93.59,93.79,91514.2,2026-05-10 10:45:00
1778410800000,93.8,93.96,93.7,93.73,69529.98,2026-05-10 11:00:00
1778411700000,93.74,93.78,92.85,93.26,372169.08,2026-05-10 11:15:00
1778412600000,93.26,93.36,93.17,93.29,110604.55,2026-05-10 11:30:00
1778413500000,93.29,93.56,93.28,93.49,93812.55,2026-05-10 11:45:00
1778414400000,93.5,93.58,93.3,93.41,68021.45,2026-05-10 12:00:00
1778415300000,93.41,93.48,93.24,93.34,38206.82,2026-05-10 12:15:00
1778416200000,93.34,93.4,93.24,93.33,40993.03,2026-05-10 12:30:00
1778417100000,93.33,93.41,93.15,93.25,70165.94,2026-05-10 12:45:00
1778418000000,93.26,93.47,93.18,93.37,87080.74,2026-05-10 13:00:00
1778418900000,93.37,93.73,93.33,93.62,129091.95,2026-05-10 13:15:00
1778419800000,93.61,93.73,93.54,93.69,58137.6,2026-05-10 13:30:00
1778420700000,93.7,93.94,93.63,93.72,100188.51,2026-05-10 13:45:00
1778421600000,93.71,93.93,93.66,93.82,69558.56,2026-05-10 14:00:00
1778422500000,93.81,93.83,93.65,93.69,39981.96,2026-05-10 14:15:00
1778423400000,93.69,94.09,93.69,93.88,99819.3,2026-05-10 14:30:00
1778424300000,93.87,94.02,93.62,93.84,90011.48,2026-05-10 14:45:00
1778425200000,93.83,94.26,93.83,94.23,133180.41,2026-05-10 15:00:00
1778426100000,94.23,94.36,94.11,94.29,142240.43,2026-05-10 15:15:00
1778427000000,94.3,94.61,94.3,94.51,228082.19,2026-05-10 15:30:00
1778427900000,94.5,94.68,94.31,94.48,182868.04,2026-05-10 15:45:00
1778428800000,94.48,94.6,94.22,94.45,209541.22,2026-05-10 16:00:00
1778429700000,94.46,94.48,94.08,94.31,185826.57,2026-05-10 16:15:00
1778430600000,94.31,94.8,94.26,94.64,158352.71,2026-05-10 16:30:00
1778431500000,94.64,94.95,94.58,94.75,148407.83,2026-05-10 16:45:00
1778432400000,94.75,95.33,94.75,95.15,346310.41,2026-05-10 17:00:00
1778433300000,95.14,95.91,95.09,95.86,499302.15,2026-05-10 17:15:00
1778434200000,95.86,96.12,95.58,95.9,264536.95,2026-05-10 17:30:00
1778435100000,95.89,96.47,95.63,96.44,306098.17,2026-05-10 17:45:00
1778436000000,96.44,96.66,96.06,96.61,205601.93,2026-05-10 18:00:00
1778436900000,96.61,96.82,96.34,96.79,133852.75,2026-05-10 18:15:00
